AccountID,AccountNumber,CustomerID,AccountType,AccountStatus,CreatedDate,ClosedDate,Balance,Currency,Description,CreatedBy
53509791-8778-41a9-9bc3-4ff32a9d0159,ACC-Camping-1000,CID-001,Receivable,Active,2025-01-01,,0.0,USD,Customer receivable account (Camping),SampleGen
2876a632-b6a5-41d3-9ac8-0daca7db086c,ACC-Camping-1001,CID-002,Receivable,Active,2025-01-01,,0.0,USD,Customer receivable account (Camping),SampleGen
bdc07886-ef98-4807-9695-f706738ece24,ACC-Camping-1002,CID-003,Receivable,Active,2025-01-01,,0.0,USD,Customer receivable account (Camping),SampleGen
ef21b2fe-d6de-4de4-b701-184fa534129e,ACC-Camping-1003,CID-004,Receivable,Active,2025-01-01,,0.0,USD,Customer receivable account (Camping),SampleGen
31d7cd59-e327-4ad2-bf14-d95bb7acc052,ACC-Camping-1004,CID-005,Receivable,Active,2025-01-01,,0.0,USD,Customer receivable account (Camping),SampleGen
8a1b53f6-c3c5-4368-8d37-f9129d568c1f,ACC-Camping-1005,CID-006,Receivable,Active,2025-01-01,,0.0,USD,Customer receivable account (Camping),SampleGen
3148fbfb-6cb9-4ad5-b39b-26eb0041940d,ACC-Camping-1006,CID-007,Receivable,Active,2025-01-01,,0.0,USD,Customer receivable account (Camping),SampleGen
59593063-4750-4562-8915-4815f9584dd2,ACC-Camping-1007,CID-008,Receivable,Active,2025-01-01,,0.0,USD,Customer receivable account (Camping),SampleGen
f55cf48d-400d-4b12-8793-95229358125a,ACC-Camping-1008,CID-009,Receivable,Active,2025-01-01,,0.0,USD,Customer receivable account (Camping),SampleGen
4869c6c6-1ce0-4911-a93f-83d6a77df8ab,ACC-Camping-1009,CID-010,Receivable,Active,2025-01-01,,0.0,USD,Customer receivable account (Camping),SampleGen
2992ec30-bc18-4802-8730-e808198daa18,ACC-Camping-1010,CID-011,Receivable,Active,2025-01-01,,0.0,USD,Customer receivable account (Camping),SampleGen
e7e58078-210a-49e1-b922-afe50cf0439f,ACC-Camping-1011,CID-012,Receivable,Active,2025-01-01,,0.0,USD,Customer receivable account (Camping),SampleGen
0f722a89-7590-4688-87c1-9f679af24805,ACC-Camping-1012,CID-013,Receivable,Active,2025-01-01,,0.0,USD,Customer receivable account (Camping),SampleGen
6ad3585e-23a5-4e7a-a0b3-9412058d8c64,ACC-Camping-1013,CID-014,Receivable,Active,2025-01-01,,0.0,USD,Customer receivable account (Camping),SampleGen
d853bc92-fc16-4f5c-86a9-7752fa04ded2,ACC-Camping-1014,CID-015,Receivable,Active,2025-01-01,,0.0,USD,Customer receivable account (Camping),SampleGen
61ae1f18-b037-431c-a36b-381c6a361e52,ACC-Camping-1015,CID-016,Receivable,Active,2025-01-01,,0.0,USD,Customer receivable account (Camping),SampleGen
34c39756-e360-4771-8069-0289ac115df8,ACC-Camping-1016,CID-017,Receivable,Active,2025-01-01,,0.0,USD,Customer receivable account (Camping),SampleGen
9ec01457-a954-45ae-99d2-fd8998f45016,ACC-Camping-1017,CID-018,Receivable,Active,2025-01-01,,0.0,USD,Customer receivable account (Camping),SampleGen
0ee5542a-ef19-4702-b742-2eac786baa6b,ACC-Camping-1018,CID-019,Receivable,Active,2025-01-01,,0.0,USD,Customer receivable account (Camping),SampleGen
4abee5d9-2518-4de0-ae8a-4dd0ff2051ed,ACC-Camping-1019,CID-020,Receivable,Active,2025-01-01,,0.0,USD,Customer receivable account (Camping),SampleGen
265783dc-cafc-42d9-a983-0b26b545ca9f,ACC-Camping-1020,CID-021,Receivable,Active,2025-01-01,,0.0,USD,Customer receivable account (Camping),SampleGen
7c71f477-9474-4ab6-9431-6d4d6fe57650,ACC-Camping-1021,CID-022,Receivable,Active,2025-01-01,,0.0,USD,Customer receivable account (Camping),SampleGen
1f241497-5a15-404e-accc-88e995090028,ACC-Camping-1022,CID-023,Receivable,Active,2025-01-01,,0.0,USD,Customer receivable account (Camping),SampleGen
59cb39e7-c4ca-4b7e-9ce2-0dfb66a7323c,ACC-Camping-1023,CID-024,Receivable,Active,2025-01-01,,0.0,USD,Customer receivable account (Camping),SampleGen
b89c19c7-2e7f-42e7-8bf3-f8f1afce6eb6,ACC-Camping-1024,CID-025,Receivable,Active,2025-01-01,,0.0,USD,Customer receivable account (Camping),SampleGen
05ff690b-c73f-4d01-ba6d-8064aa1f64f9,ACC-Camping-1025,CID-026,Receivable,Active,2025-01-01,,0.0,USD,Customer receivable account (Camping),SampleGen
01204a92-67ba-4d37-97a6-33bd3a5460ca,ACC-Camping-1026,CID-027,Receivable,Active,2025-01-01,,0.0,USD,Customer receivable account (Camping),SampleGen
27e6dea1-360c-4118-ab6c-8db64ff138f5,ACC-Camping-1027,CID-028,Receivable,Active,2025-01-01,,0.0,USD,Customer receivable account (Camping),SampleGen
9463d865-8ece-4c79-a0bc-843e0950b8f1,ACC-Camping-1028,CID-029,Receivable,Active,2025-01-01,,0.0,USD,Customer receivable account (Camping),SampleGen
a601aa7a-3150-4af1-bfb2-74fb28ab434d,ACC-Camping-1029,CID-030,Receivable,Active,2025-01-01,,0.0,USD,Customer receivable account (Camping),SampleGen
39d96f9d-0476-4908-b40a-8189870f4933,ACC-Camping-1030,CID-031,Receivable,Active,2025-01-01,,0.0,USD,Customer receivable account (Camping),SampleGen
23e36c63-c082-4bbd-b1cf-5250b5981e1a,ACC-Camping-1031,CID-032,Receivable,Active,2025-01-01,,0.0,USD,Customer receivable account (Camping),SampleGen
0ec1f5b6-c2b5-425d-93a8-aee579c51523,ACC-Camping-1032,CID-033,Receivable,Active,2025-01-01,,0.0,USD,Customer receivable account (Camping),SampleGen
9401e7f9-6c66-4da3-a3e6-7d71bf0e7c7f,ACC-Camping-1033,CID-034,Receivable,Active,2025-01-01,,0.0,USD,Customer receivable account (Camping),SampleGen
e154d2b3-ecce-4846-9bd6-09ce0d09601a,ACC-Camping-1034,CID-035,Receivable,Active,2025-01-01,,0.0,USD,Customer receivable account (Camping),SampleGen
d5e88d85-a089-4553-8611-f101ab19117e,ACC-Camping-1035,CID-036,Receivable,Active,2025-01-01,,0.0,USD,Customer receivable account (Camping),SampleGen
12a9557c-8168-41c8-906a-9bb1af8c8b04,ACC-Camping-1036,CID-037,Receivable,Active,2025-01-01,,0.0,USD,Customer receivable account (Camping),SampleGen
7da83186-e897-4e18-92ef-30a28f0ce50a,ACC-Camping-1037,CID-038,Receivable,Active,2025-01-01,,0.0,USD,Customer receivable account (Camping),SampleGen
3ff25bed-dd75-40fa-b59a-1944fbba9b3f,ACC-Camping-1038,CID-039,Receivable,Active,2025-01-01,,0.0,USD,Customer receivable account (Camping),SampleGen
0433b1a9-ab29-409e-8b02-1031268626a0,ACC-Camping-1039,CID-040,Receivable,Active,2025-01-01,,0.0,USD,Customer receivable account (Camping),SampleGen
6cf5818d-8109-4c50-842b-c19cc916010e,ACC-Camping-1040,CID-041,Receivable,Active,2025-01-01,,0.0,USD,Customer receivable account (Camping),SampleGen
1a155fbb-25c5-4195-8d54-1efa5b6df8d2,ACC-Camping-1041,CID-042,Receivable,Active,2025-01-01,,0.0,USD,Customer receivable account (Camping),SampleGen
6ce6b70f-f605-44bd-bba5-ef19af50ce3b,ACC-Camping-1042,CID-043,Receivable,Active,2025-01-01,,0.0,USD,Customer receivable account (Camping),SampleGen
557745d1-5408-49e9-8307-9f32b93453eb,ACC-Camping-1043,CID-044,Receivable,Active,2025-01-01,,0.0,USD,Customer receivable account (Camping),SampleGen
0a7689bf-a7b9-4928-b5ae-b72ca3ebf9e4,ACC-Camping-1044,CID-045,Receivable,Active,2025-01-01,,0.0,USD,Customer receivable account (Camping),SampleGen
80a56fe1-2835-4774-8dbb-0fee2c3e733e,ACC-Camping-1045,CID-046,Receivable,Active,2025-01-01,,0.0,USD,Customer receivable account (Camping),SampleGen
40fb799a-77a7-4b2f-b241-bdaca8fd2e69,ACC-Camping-1046,CID-047,Receivable,Active,2025-01-01,,0.0,USD,Customer receivable account (Camping),SampleGen
b7f8df92-ef16-418c-ac33-86bafedecc54,ACC-Camping-1047,CID-048,Receivable,Active,2025-01-01,,0.0,USD,Customer receivable account (Camping),SampleGen
457f0128-3555-44a6-baa0-9eb485715701,ACC-Camping-1048,CID-049,Receivable,Active,2025-01-01,,0.0,USD,Customer receivable account (Camping),SampleGen
efb6da83-17b1-4299-946c-7d838c20103b,ACC-Camping-1049,CID-050,Receivable,Active,2025-01-01,,0.0,USD,Customer receivable account (Camping),SampleGen
120fdc7a-5b43-4e6c-8eda-ec2873ce64d9,ACC-Camping-1050,CID-051,Receivable,Active,2025-01-01,,0.0,USD,Customer receivable account (Camping),SampleGen
a2f7cc99-c699-45e1-89eb-94402b9336ad,ACC-Camping-1051,CID-052,Receivable,Active,2025-01-01,,0.0,USD,Customer receivable account (Camping),SampleGen
b0a5d847-8cbf-4abe-8926-4cf178eb7e5d,ACC-Camping-1052,CID-053,Receivable,Active,2025-01-01,,0.0,USD,Customer receivable account (Camping),SampleGen
75b9f42f-2e7d-46dc-9545-f9d2a970e1ec,ACC-Camping-1053,CID-054,Receivable,Active,2025-01-01,,0.0,USD,Customer receivable account (Camping),SampleGen
db3acdac-c456-4502-a9ba-65a163c648c9,ACC-Camping-1054,CID-055,Receivable,Active,2025-01-01,,0.0,USD,Customer receivable account (Camping),SampleGen
db9c6e12-45ca-482b-8b2b-4a87007deeec,ACC-Camping-1055,CID-056,Receivable,Active,2025-01-01,,0.0,USD,Customer receivable account (Camping),SampleGen
d01ce229-fc23-4618-929f-39042e661ead,ACC-Camping-1056,CID-057,Receivable,Active,2025-01-01,,0.0,USD,Customer receivable account (Camping),SampleGen
9c05a38d-b827-4937-bfc6-4cd5ef28696b,ACC-Camping-1057,CID-058,Receivable,Active,2025-01-01,,0.0,USD,Customer receivable account (Camping),SampleGen
c8544d6b-dcd9-4f5b-9c5c-9f7cbaae3829,ACC-Camping-1058,CID-059,Receivable,Active,2025-01-01,,0.0,USD,Customer receivable account (Camping),SampleGen
17c73587-6d49-4eb5-84ee-f93d82269881,ACC-Camping-1059,CID-060,Receivable,Active,2025-01-01,,0.0,USD,Customer receivable account (Camping),SampleGen
f3ae12f0-b19d-42df-84aa-40b9df64abcc,ACC-Camping-1060,CID-061,Receivable,Active,2025-01-01,,0.0,USD,Customer receivable account (Camping),SampleGen
ecd8ed7f-b9b4-4238-bac7-286bd9e0e22d,ACC-Camping-1061,CID-062,Receivable,Active,2025-01-01,,0.0,USD,Customer receivable account (Camping),SampleGen
293374d4-189d-4951-b76e-9cd863876b8a,ACC-Camping-1062,CID-063,Receivable,Active,2025-01-01,,0.0,USD,Customer receivable account (Camping),SampleGen
b12fc319-0ac5-4ca4-8f22-b03b05a991c9,ACC-Camping-1063,CID-064,Receivable,Active,2025-01-01,,0.0,USD,Customer receivable account (Camping),SampleGen
23c8b4a8-566e-499a-9db6-50dc85bb7a86,ACC-Camping-1064,CID-065,Receivable,Active,2025-01-01,,0.0,USD,Customer receivable account (Camping),SampleGen
fb7e251e-91d6-49dd-bb51-d69a23dab58f,ACC-Camping-1065,CID-066,Receivable,Active,2025-01-01,,0.0,USD,Customer receivable account (Camping),SampleGen
8e7f5926-1225-49de-8d88-0810b3f4e470,ACC-Camping-1066,CID-067,Receivable,Active,2025-01-01,,0.0,USD,Customer receivable account (Camping),SampleGen
d782b98e-96c0-4004-83f4-322670c0f7c0,ACC-Camping-1067,CID-068,Receivable,Active,2025-01-01,,0.0,USD,Customer receivable account (Camping),SampleGen
04276518-6ec8-437d-88fa-c85fe171aa2e,ACC-Camping-1068,CID-069,Receivable,Active,2025-01-01,,0.0,USD,Customer receivable account (Camping),SampleGen
a1e36a72-9170-448c-87e5-38b266fedfe9,ACC-Camping-1069,CID-070,Receivable,Active,2025-01-01,,0.0,USD,Customer receivable account (Camping),SampleGen
562a2184-7746-40b1-8e1e-ffe2ef9eade3,ACC-Camping-1070,CID-071,Receivable,Active,2025-01-01,,0.0,USD,Customer receivable account (Camping),SampleGen
1831e6d1-614b-460c-8521-8f4787ca711d,ACC-Camping-1071,CID-072,Receivable,Active,2025-01-01,,0.0,USD,Customer receivable account (Camping),SampleGen
7decdbd9-6b35-4eb6-8873-75a1935ed8b0,ACC-Camping-1072,CID-073,Receivable,Active,2025-01-01,,0.0,USD,Customer receivable account (Camping),SampleGen
397d91d9-5f31-475c-b9e7-351f1ee67553,ACC-Camping-1073,CID-074,Receivable,Active,2025-01-01,,0.0,USD,Customer receivable account (Camping),SampleGen
d0c6ad85-c465-4531-b60b-f433835057f6,ACC-Camping-1074,CID-075,Receivable,Active,2025-01-01,,0.0,USD,Customer receivable account (Camping),SampleGen
a4ebb926-26a7-411a-8d4f-ac24ee53c897,ACC-Camping-1075,CID-076,Receivable,Active,2025-01-01,,0.0,USD,Customer receivable account (Camping),SampleGen
68daa1a7-754f-489b-a2c4-2d766a733a6b,ACC-Camping-1076,CID-077,Receivable,Active,2025-01-01,,0.0,USD,Customer receivable account (Camping),SampleGen
fdeb6149-097e-4bb9-8c11-4493268fb3a8,ACC-Camping-1077,CID-078,Receivable,Active,2025-01-01,,0.0,USD,Customer receivable account (Camping),SampleGen
fbfbc682-38d2-4c6a-a247-9f4168591e8b,ACC-Camping-1078,CID-079,Receivable,Active,2025-01-01,,0.0,USD,Customer receivable account (Camping),SampleGen
c61b3ccb-b8df-4b20-8e1c-76f5c911abe2,ACC-Camping-1079,CID-080,Receivable,Active,2025-01-01,,0.0,USD,Customer receivable account (Camping),SampleGen
fff0b05a-b1d4-4864-82bf-2d14cc28eafb,ACC-Camping-1080,CID-081,Receivable,Active,2025-01-01,,0.0,USD,Customer receivable account (Camping),SampleGen
5f160569-f845-41c0-b905-479906d0c0a1,ACC-Camping-1081,CID-082,Receivable,Active,2025-01-01,,0.0,USD,Customer receivable account (Camping),SampleGen
81622c85-dacc-4d02-a4b0-ffb7c79de114,ACC-Camping-1082,CID-083,Receivable,Active,2025-01-01,,0.0,USD,Customer receivable account (Camping),SampleGen
b539d488-e927-4078-9c7d-36cdc08c06ab,ACC-Camping-1083,CID-084,Receivable,Active,2025-01-01,,0.0,USD,Customer receivable account (Camping),SampleGen
b0d00008-c85f-4adc-844f-aec753a75ba5,ACC-Camping-1084,CID-085,Receivable,Active,2025-01-01,,0.0,USD,Customer receivable account (Camping),SampleGen
6bb318ee-8c5e-40b3-a38f-9bc67e09315e,ACC-Camping-1085,CID-086,Receivable,Active,2025-01-01,,0.0,USD,Customer receivable account (Camping),SampleGen
73870d02-9153-4181-bd05-4a66acd9e2f1,ACC-Camping-1086,CID-087,Receivable,Active,2025-01-01,,0.0,USD,Customer receivable account (Camping),SampleGen
039f02ee-de51-479f-868a-c1e780a3d571,ACC-Camping-1087,CID-088,Receivable,Active,2025-01-01,,0.0,USD,Customer receivable account (Camping),SampleGen
1982690b-d073-4178-89fa-e0f17eca7754,ACC-Camping-1088,CID-089,Receivable,Active,2025-01-01,,0.0,USD,Customer receivable account (Camping),SampleGen
a7c48827-bf70-407a-aa0a-6dc08fb13ddd,ACC-Camping-1089,CID-090,Receivable,Active,2025-01-01,,0.0,USD,Customer receivable account (Camping),SampleGen
9b808d66-d7e6-4595-b5bf-7581f6fed11c,ACC-Camping-1090,CID-091,Receivable,Active,2025-01-01,,0.0,USD,Customer receivable account (Camping),SampleGen
5d4fab34-34f2-440e-a6d2-9f0935c2e313,ACC-Camping-1091,CID-092,Receivable,Active,2025-01-01,,0.0,USD,Customer receivable account (Camping),SampleGen
2050acc3-8624-4a27-b43f-7d29b2bbfb02,ACC-Camping-1092,CID-093,Receivable,Active,2025-01-01,,0.0,USD,Customer receivable account (Camping),SampleGen
50acb418-1859-401e-82b2-7d032a241705,ACC-Camping-1093,CID-094,Receivable,Active,2025-01-01,,0.0,USD,Customer receivable account (Camping),SampleGen
ea5167ca-e4c6-4954-bd4a-7a3311dedb11,ACC-Camping-1094,CID-095,Receivable,Active,2025-01-01,,0.0,USD,Customer receivable account (Camping),SampleGen
a4a615f0-d244-4e79-ac59-8149949c4a71,ACC-Camping-1095,CID-096,Receivable,Active,2025-01-01,,0.0,USD,Customer receivable account (Camping),SampleGen
252116bb-b85a-400c-a412-c08298b849c7,ACC-Camping-1096,CID-097,Receivable,Active,2025-01-01,,0.0,USD,Customer receivable account (Camping),SampleGen
fab2d430-bc00-4c98-af7d-ee0b85528d5a,ACC-Camping-1097,CID-098,Receivable,Active,2025-01-01,,0.0,USD,Customer receivable account (Camping),SampleGen
9be9ab6a-f4f6-4e0f-a971-000049079a96,ACC-Camping-1098,CID-099,Receivable,Active,2025-01-01,,0.0,USD,Customer receivable account (Camping),SampleGen
a54b1722-6781-4284-a80f-ca5194b1b953,ACC-Camping-1099,CID-100,Receivable,Active,2025-01-01,,0.0,USD,Customer receivable account (Camping),SampleGen
2b2bdd5b-ccdd-4329-b459-08f6abd85edd,ACC-Camping-1100,CID-101,Receivable,Active,2025-01-01,,0.0,USD,Customer receivable account (Camping),SampleGen
2930b481-5161-4f38-942d-8b035bde6d61,ACC-Camping-1101,CID-102,Receivable,Active,2025-01-01,,0.0,USD,Customer receivable account (Camping),SampleGen
493a4b6e-abb5-4514-a593-dea8744155c6,ACC-Camping-1102,CID-103,Receivable,Active,2025-01-01,,0.0,USD,Customer receivable account (Camping),SampleGen
a45b726b-e471-4527-8ca0-f882994e1f38,ACC-Camping-1103,CID-104,Receivable,Active,2025-01-01,,0.0,USD,Customer receivable account (Camping),SampleGen
f7c6e19b-27ed-40ca-b861-2a54c4d75103,ACC-Camping-1104,CID-105,Receivable,Active,2025-01-01,,0.0,USD,Customer receivable account (Camping),SampleGen
052d93fc-0f41-44f0-a8b5-efc9c76b2a7c,ACC-Camping-1105,CID-106,Receivable,Active,2025-01-01,,0.0,USD,Customer receivable account (Camping),SampleGen
3c9fa51b-f6ca-4098-a546-387bb0da2142,ACC-Camping-1106,CID-107,Receivable,Active,2025-01-01,,0.0,USD,Customer receivable account (Camping),SampleGen
79cc18c0-c2d6-4bba-b1e6-7591bdc461fd,ACC-Camping-1107,CID-108,Receivable,Active,2025-01-01,,0.0,USD,Customer receivable account (Camping),SampleGen
a29b6a98-7fd2-4853-ac1d-094f50413288,ACC-Camping-1108,CID-109,Receivable,Active,2025-01-01,,0.0,USD,Customer receivable account (Camping),SampleGen
197283bd-b685-48f7-a3b4-3cfa90fb161e,ACC-Camping-1109,CID-110,Receivable,Active,2025-01-01,,0.0,USD,Customer receivable account (Camping),SampleGen
d04e32a8-d0e1-4e29-b1a8-d4ba3e0a5296,ACC-Camping-1110,CID-111,Receivable,Active,2025-01-01,,0.0,USD,Customer receivable account (Camping),SampleGen
a4937811-5ef8-49ee-a9fb-69ee35990f0d,ACC-Camping-1111,CID-112,Receivable,Active,2025-01-01,,0.0,USD,Customer receivable account (Camping),SampleGen
404d276e-2bb0-4953-a84f-e1709232ad00,ACC-Camping-1112,CID-113,Receivable,Active,2025-01-01,,0.0,USD,Customer receivable account (Camping),SampleGen
62b0ae77-e665-48bd-b6ac-985891c19130,ACC-Camping-1113,CID-114,Receivable,Active,2025-01-01,,0.0,USD,Customer receivable account (Camping),SampleGen
5904f95a-e34b-4b53-9b1e-4bd7d8c8ffb3,ACC-Camping-1114,CID-115,Receivable,Active,2025-01-01,,0.0,USD,Customer receivable account (Camping),SampleGen
7e567b07-8e1e-43b1-a96d-7098e9efe3e3,ACC-Camping-1115,CID-116,Receivable,Active,2025-01-01,,0.0,USD,Customer receivable account (Camping),SampleGen
faecc489-2352-4d62-a181-df91f90a5680,ACC-Camping-1116,CID-117,Receivable,Active,2025-01-01,,0.0,USD,Customer receivable account (Camping),SampleGen
e9612bce-aa6e-4580-a692-de1b25d77d49,ACC-Camping-1117,CID-118,Receivable,Active,2025-01-01,,0.0,USD,Customer receivable account (Camping),SampleGen
1a34c96f-44ee-4a77-8403-63a5f8cf7554,ACC-Camping-1118,CID-119,Receivable,Active,2025-01-01,,0.0,USD,Customer receivable account (Camping),SampleGen
ca48c789-537a-4fc2-a2fe-c3c4828e8398,ACC-Camping-1119,CID-120,Receivable,Active,2025-01-01,,0.0,USD,Customer receivable account (Camping),SampleGen
9ff23b5d-2539-4995-90ba-974e00c9c6ba,ACC-Camping-1120,CID-121,Receivable,Active,2025-01-01,,0.0,USD,Customer receivable account (Camping),SampleGen
052998a5-d7ed-42bb-9dc0-cf6f113d7910,ACC-Camping-1121,CID-122,Receivable,Active,2025-01-01,,0.0,USD,Customer receivable account (Camping),SampleGen
1ae29e4c-62de-44c1-bf50-53c15262e3d7,ACC-Camping-1122,CID-123,Receivable,Active,2025-01-01,,0.0,USD,Customer receivable account (Camping),SampleGen
d6b01843-355d-4aea-87a7-23ec81c6778a,ACC-Camping-1123,CID-124,Receivable,Active,2025-01-01,,0.0,USD,Customer receivable account (Camping),SampleGen
9d7f4ff6-6d89-4d9e-bcef-430043ed31d9,ACC-Camping-1124,CID-125,Receivable,Active,2025-01-01,,0.0,USD,Customer receivable account (Camping),SampleGen
0c6ed8f8-39db-4c6f-8bf9-2563fef582be,ACC-Camping-1125,CID-126,Receivable,Active,2025-01-01,,0.0,USD,Customer receivable account (Camping),SampleGen
e519f7ee-c111-4fd3-a753-1f6eabde77f6,ACC-Camping-1126,CID-127,Receivable,Active,2025-01-01,,0.0,USD,Customer receivable account (Camping),SampleGen
76683928-8d9e-49d1-85b4-648c89ace912,ACC-Camping-1127,CID-128,Receivable,Active,2025-01-01,,0.0,USD,Customer receivable account (Camping),SampleGen
2494c864-2f54-4b6e-90cc-21ece544a662,ACC-Camping-1128,CID-129,Receivable,Active,2025-01-01,,0.0,USD,Customer receivable account (Camping),SampleGen
898be1de-08bc-4790-8ebc-094df14acded,ACC-Camping-1129,CID-130,Receivable,Active,2025-01-01,,0.0,USD,Customer receivable account (Camping),SampleGen
1f4f5d20-0bf0-4145-8c6a-5d22a1616c61,ACC-Camping-1130,CID-131,Receivable,Active,2025-01-01,,0.0,USD,Customer receivable account (Camping),SampleGen
f83f8e4c-423d-4df0-96ba-4ed425f306f1,ACC-Camping-1131,CID-132,Receivable,Active,2025-01-01,,0.0,USD,Customer receivable account (Camping),SampleGen
5c2325bb-5478-429a-9695-40921f960957,ACC-Camping-1132,CID-133,Receivable,Active,2025-01-01,,0.0,USD,Customer receivable account (Camping),SampleGen
4677841e-428f-43ab-9381-0628c1f20712,ACC-Camping-1133,CID-134,Receivable,Active,2025-01-01,,0.0,USD,Customer receivable account (Camping),SampleGen
23db0ceb-ffcf-4baf-9e5b-02ab45ef09c1,ACC-Camping-1134,CID-135,Receivable,Active,2025-01-01,,0.0,USD,Customer receivable account (Camping),SampleGen
a137c21a-9258-4548-8525-6f19106db351,ACC-Camping-1135,CID-136,Receivable,Active,2025-01-01,,0.0,USD,Customer receivable account (Camping),SampleGen
b8602c71-139d-4adc-917a-633ba27f0488,ACC-Camping-1136,CID-137,Receivable,Active,2025-01-01,,0.0,USD,Customer receivable account (Camping),SampleGen
b04de8ad-9b24-4023-88d0-cbc7131f2e3d,ACC-Camping-1137,CID-138,Receivable,Active,2025-01-01,,0.0,USD,Customer receivable account (Camping),SampleGen
3db25c37-2aae-4d56-bcfc-85c45b6a6bf3,ACC-Camping-1138,CID-139,Receivable,Active,2025-01-01,,0.0,USD,Customer receivable account (Camping),SampleGen
f26bced1-d4ff-4a97-9cef-6f568bf01aec,ACC-Camping-1139,CID-140,Receivable,Active,2025-01-01,,0.0,USD,Customer receivable account (Camping),SampleGen
4a216576-173c-4072-b828-fd0bed5519f6,ACC-Camping-1140,CID-141,Receivable,Active,2025-01-01,,0.0,USD,Customer receivable account (Camping),SampleGen
531dd4df-f9de-4aab-b714-c4bd33f933a5,ACC-Camping-1141,CID-142,Receivable,Active,2025-01-01,,0.0,USD,Customer receivable account (Camping),SampleGen
20698af1-a077-43b6-a9cd-fba2fdf5f524,ACC-Camping-1142,CID-143,Receivable,Active,2025-01-01,,0.0,USD,Customer receivable account (Camping),SampleGen
63ca2e9e-dd4c-40c5-b3a6-3e6e3ebb4bfe,ACC-Camping-1143,CID-144,Receivable,Active,2025-01-01,,0.0,USD,Customer receivable account (Camping),SampleGen
cafc86b6-f811-4b4c-afdc-0be8066f08db,ACC-Camping-1144,CID-145,Receivable,Active,2025-01-01,,0.0,USD,Customer receivable account (Camping),SampleGen
f7e058f6-d31f-4384-96e4-206fafb7df86,ACC-Camping-1145,CID-146,Receivable,Active,2025-01-01,,0.0,USD,Customer receivable account (Camping),SampleGen
8fe9a9db-04d3-477d-9700-9d47c64ab62e,ACC-Camping-1146,CID-147,Receivable,Active,2025-01-01,,0.0,USD,Customer receivable account (Camping),SampleGen
bc2496e0-6d80-4b21-80b5-271f7c38b6a4,ACC-Camping-1147,CID-148,Receivable,Active,2025-01-01,,0.0,USD,Customer receivable account (Camping),SampleGen
9bb05aac-1f99-4c7d-9d22-842b46d08392,ACC-Camping-1148,CID-149,Receivable,Active,2025-01-01,,0.0,USD,Customer receivable account (Camping),SampleGen
3245ce75-f399-4f38-a362-f965553e269b,ACC-Camping-1149,CID-150,Receivable,Active,2025-01-01,,0.0,USD,Customer receivable account (Camping),SampleGen
df4b0ef0-2470-4b35-aec0-c5dc26554f84,ACC-Camping-1150,CID-151,Receivable,Active,2025-01-01,,0.0,USD,Customer receivable account (Camping),SampleGen
1f9fa21f-dc4d-4bd3-a6a3-0221211861eb,ACC-Camping-1151,CID-152,Receivable,Active,2025-01-01,,0.0,USD,Customer receivable account (Camping),SampleGen
8bc7a987-05c3-41bf-907f-cf4bdc0a2db0,ACC-Camping-1152,CID-153,Receivable,Active,2025-01-01,,0.0,USD,Customer receivable account (Camping),SampleGen
aee5d20d-62c8-4495-8a50-1c86e509ceec,ACC-Camping-1153,CID-154,Receivable,Active,2025-01-01,,0.0,USD,Customer receivable account (Camping),SampleGen
2526661e-d00b-4034-957b-dc66da2476f8,ACC-Camping-1154,CID-155,Receivable,Active,2025-01-01,,0.0,USD,Customer receivable account (Camping),SampleGen
4d9b2766-373d-4da7-bf18-c1ae1470ae24,ACC-Camping-1155,CID-156,Receivable,Active,2025-01-01,,0.0,USD,Customer receivable account (Camping),SampleGen
096e3e40-3dfb-4e64-8242-b45c784124d3,ACC-Camping-1156,CID-157,Receivable,Active,2025-01-01,,0.0,USD,Customer receivable account (Camping),SampleGen
3c496fb9-8cee-46a4-ac10-ca11500cfce1,ACC-Camping-1157,CID-158,Receivable,Active,2025-01-01,,0.0,USD,Customer receivable account (Camping),SampleGen
37fc4821-8660-4541-98b5-1bca6fa2fef5,ACC-Camping-1158,CID-159,Receivable,Active,2025-01-01,,0.0,USD,Customer receivable account (Camping),SampleGen
60f7faa1-f288-4900-90db-566c13af6c33,ACC-Camping-1159,CID-160,Receivable,Active,2025-01-01,,0.0,USD,Customer receivable account (Camping),SampleGen
88175c6d-b1b2-49dd-aa1a-96644cd6cb8e,ACC-Camping-1160,CID-161,Receivable,Active,2025-01-01,,0.0,USD,Customer receivable account (Camping),SampleGen
3a2ab76f-95eb-4047-a570-86ca495bbe77,ACC-Camping-1161,CID-162,Receivable,Active,2025-01-01,,0.0,USD,Customer receivable account (Camping),SampleGen
d1b567c5-440f-48e3-b2ab-3a1eed2a777f,ACC-Camping-1162,CID-163,Receivable,Active,2025-01-01,,0.0,USD,Customer receivable account (Camping),SampleGen
1e204be8-7aa9-417d-be65-180064037229,ACC-Camping-1163,CID-164,Receivable,Active,2025-01-01,,0.0,USD,Customer receivable account (Camping),SampleGen
d7226337-ba02-4f9a-94fd-7cc078130225,ACC-Camping-1164,CID-165,Receivable,Active,2025-01-01,,0.0,USD,Customer receivable account (Camping),SampleGen
e162fe51-7499-49bf-acde-255aea3819c2,ACC-Camping-1165,CID-166,Receivable,Active,2025-01-01,,0.0,USD,Customer receivable account (Camping),SampleGen
41428922-a557-4d2b-b221-89ff28b6d01f,ACC-Camping-1166,CID-167,Receivable,Active,2025-01-01,,0.0,USD,Customer receivable account (Camping),SampleGen
db4c59c7-ddc2-40f0-9732-48e19f80906b,ACC-Camping-1167,CID-168,Receivable,Active,2025-01-01,,0.0,USD,Customer receivable account (Camping),SampleGen
2f6cc5ff-69cd-4a6d-9c69-daa2d3396cbe,ACC-Camping-1168,CID-169,Receivable,Active,2025-01-01,,0.0,USD,Customer receivable account (Camping),SampleGen
e7b4950d-755f-41c2-aef7-067d8bee18e3,ACC-Camping-1169,CID-170,Receivable,Active,2025-01-01,,0.0,USD,Customer receivable account (Camping),SampleGen
2b69e86f-2910-4c02-92d8-e486801568dd,ACC-Camping-1170,CID-171,Receivable,Active,2025-01-01,,0.0,USD,Customer receivable account (Camping),SampleGen
2474f413-d8c9-480f-a76e-ac873b937c72,ACC-Camping-1171,CID-172,Receivable,Active,2025-01-01,,0.0,USD,Customer receivable account (Camping),SampleGen
a69a0d02-821a-4924-b920-0188bd36fd1d,ACC-Camping-1172,CID-173,Receivable,Active,2025-01-01,,0.0,USD,Customer receivable account (Camping),SampleGen
2c1a7401-bc11-4411-b263-4e7607c809c6,ACC-Camping-1173,CID-174,Receivable,Active,2025-01-01,,0.0,USD,Customer receivable account (Camping),SampleGen
94155cf5-99c6-4b64-badb-c0807460727c,ACC-Camping-1174,CID-175,Receivable,Active,2025-01-01,,0.0,USD,Customer receivable account (Camping),SampleGen
bcc071e9-85f8-487b-a7b0-549db4fd0d20,ACC-Camping-1175,CID-176,Receivable,Active,2025-01-01,,0.0,USD,Customer receivable account (Camping),SampleGen
b281b97f-12a6-4f47-9d64-ebe7d6844dee,ACC-Camping-1176,CID-177,Receivable,Active,2025-01-01,,0.0,USD,Customer receivable account (Camping),SampleGen
20120572-2df2-46ca-a3f4-61c908d172b5,ACC-Camping-1177,CID-178,Receivable,Active,2025-01-01,,0.0,USD,Customer receivable account (Camping),SampleGen
17e2a85a-8e59-46d7-ada5-4697c12853b6,ACC-Camping-1178,CID-179,Receivable,Active,2025-01-01,,0.0,USD,Customer receivable account (Camping),SampleGen
95855083-fc05-47ad-860b-86cbc729df35,ACC-Camping-1179,CID-180,Receivable,Active,2025-01-01,,0.0,USD,Customer receivable account (Camping),SampleGen
c9a49a3c-440a-4667-b5a8-b455b4eb151b,ACC-Camping-1180,CID-181,Receivable,Active,2025-01-01,,0.0,USD,Customer receivable account (Camping),SampleGen
8fd1f8d0-064b-41c1-a9f9-2431067c0908,ACC-Camping-1181,CID-182,Receivable,Active,2025-01-01,,0.0,USD,Customer receivable account (Camping),SampleGen
1bacabcd-9fd8-45f8-be08-f4d30067027a,ACC-Camping-1182,CID-183,Receivable,Active,2025-01-01,,0.0,USD,Customer receivable account (Camping),SampleGen
c0aa3b9c-e7b7-4ee7-861a-5b0257a078f0,ACC-Camping-1183,CID-184,Receivable,Active,2025-01-01,,0.0,USD,Customer receivable account (Camping),SampleGen
53480b80-8c7a-402c-a6bb-3323c59ae9f0,ACC-Camping-1184,CID-185,Receivable,Active,2025-01-01,,0.0,USD,Customer receivable account (Camping),SampleGen
b4b9483c-f733-4dd7-826b-374c4e6cf6b2,ACC-Camping-1185,CID-186,Receivable,Active,2025-01-01,,0.0,USD,Customer receivable account (Camping),SampleGen
9a53335c-f8af-4fef-9c05-d083fcac59fb,ACC-Camping-1186,CID-187,Receivable,Active,2025-01-01,,0.0,USD,Customer receivable account (Camping),SampleGen
e18b96a5-165c-4240-9f48-10992b020ba4,ACC-Camping-1187,CID-188,Receivable,Active,2025-01-01,,0.0,USD,Customer receivable account (Camping),SampleGen
6ab6092b-c6db-4632-bd1b-bbb58dcfe28f,ACC-Camping-1188,CID-189,Receivable,Active,2025-01-01,,0.0,USD,Customer receivable account (Camping),SampleGen
981143f3-d9e7-45fd-8a7e-185121352993,ACC-Camping-1189,CID-190,Receivable,Active,2025-01-01,,0.0,USD,Customer receivable account (Camping),SampleGen
ca46bf0c-bdce-4365-bbe5-5ed5cf4cce77,ACC-Camping-1190,CID-191,Receivable,Active,2025-01-01,,0.0,USD,Customer receivable account (Camping),SampleGen
e9f15a75-9a5f-47b5-bd9a-6b8048b36711,ACC-Camping-1191,CID-192,Receivable,Active,2025-01-01,,0.0,USD,Customer receivable account (Camping),SampleGen
6a477348-80e8-47c8-9dad-e31cef415776,ACC-Camping-1192,CID-193,Receivable,Active,2025-01-01,,0.0,USD,Customer receivable account (Camping),SampleGen
4e6878bd-3394-47e5-a176-bf74f209aa26,ACC-Camping-1193,CID-194,Receivable,Active,2025-01-01,,0.0,USD,Customer receivable account (Camping),SampleGen
922b6f44-70a7-4283-b301-4373c20f6e90,ACC-Camping-1194,CID-195,Receivable,Active,2025-01-01,,0.0,USD,Customer receivable account (Camping),SampleGen
7dba321e-a939-48a5-a49b-72c1bc5f352c,ACC-Camping-1195,CID-196,Receivable,Active,2025-01-01,,0.0,USD,Customer receivable account (Camping),SampleGen
2a13debb-86d1-475a-8c51-9d8945786d33,ACC-Camping-1196,CID-197,Receivable,Active,2025-01-01,,0.0,USD,Customer receivable account (Camping),SampleGen
ef5015d4-2975-41cc-acbd-4e0b9bb3b41f,ACC-Camping-1197,CID-198,Receivable,Active,2025-01-01,,0.0,USD,Customer receivable account (Camping),SampleGen
fa5d8774-6a47-4407-826f-8b172f7a4e0d,ACC-Camping-1198,CID-199,Receivable,Active,2025-01-01,,0.0,USD,Customer receivable account (Camping),SampleGen
4d53bd60-4df0-4790-b86c-87b86c2298bd,ACC-Camping-1199,CID-200,Receivable,Active,2025-01-01,,0.0,USD,Customer receivable account (Camping),SampleGen
1c329cab-fd6d-4ac8-8b7b-5b7611a723f4,ACC-Camping-1200,CID-201,Receivable,Active,2025-01-01,,0.0,USD,Customer receivable account (Camping),SampleGen
0fe3c449-c189-4135-9bb9-403cac249981,ACC-Camping-1201,CID-202,Receivable,Active,2025-01-01,,0.0,USD,Customer receivable account (Camping),SampleGen
79b6fac4-01da-4e9f-83cc-69509ae20db3,ACC-Camping-1202,CID-203,Receivable,Active,2025-01-01,,0.0,USD,Customer receivable account (Camping),SampleGen
723a2649-48b9-4889-b8c8-7e45263c765d,ACC-Camping-1203,CID-204,Receivable,Active,2025-01-01,,0.0,USD,Customer receivable account (Camping),SampleGen
f4e225ca-f8ac-49d5-a381-a7325984eeeb,ACC-Camping-1204,CID-205,Receivable,Active,2025-01-01,,0.0,USD,Customer receivable account (Camping),SampleGen
3a98215f-53b5-4602-b9e7-cc275f21a094,ACC-Camping-1205,CID-206,Receivable,Active,2025-01-01,,0.0,USD,Customer receivable account (Camping),SampleGen
e4efbfe0-f255-4bf0-a929-238cef0218c4,ACC-Camping-1206,CID-207,Receivable,Active,2025-01-01,,0.0,USD,Customer receivable account (Camping),SampleGen
5cf03bbe-b621-43e9-89fa-0cbca34f33af,ACC-Camping-1207,CID-208,Receivable,Active,2025-01-01,,0.0,USD,Customer receivable account (Camping),SampleGen
d66f94a3-e5e3-4c58-9465-5b995f4ec12f,ACC-Camping-1208,CID-209,Receivable,Active,2025-01-01,,0.0,USD,Customer receivable account (Camping),SampleGen
4af9eb9f-347e-463b-9ee7-b9322dc59c25,ACC-Camping-1209,CID-210,Receivable,Active,2025-01-01,,0.0,USD,Customer receivable account (Camping),SampleGen
5a4da851-d91c-4c72-bfca-0fe6bb9d7542,ACC-Camping-1210,CID-211,Receivable,Active,2025-01-01,,0.0,USD,Customer receivable account (Camping),SampleGen
cb6d6a48-320c-4d1c-bccc-f64292aa8219,ACC-Camping-1211,CID-212,Receivable,Active,2025-01-01,,0.0,USD,Customer receivable account (Camping),SampleGen
b76ba6c6-9223-41f2-8579-aad86c2492c0,ACC-Camping-1212,CID-213,Receivable,Active,2025-01-01,,0.0,USD,Customer receivable account (Camping),SampleGen
95eb400b-b531-49f3-b1b6-1063d2d97f63,ACC-Camping-1213,CID-214,Receivable,Active,2025-01-01,,0.0,USD,Customer receivable account (Camping),SampleGen
6e4c54eb-be68-4ff7-a45a-4f87dd882765,ACC-Camping-1214,CID-215,Receivable,Active,2025-01-01,,0.0,USD,Customer receivable account (Camping),SampleGen
80626aae-7efe-4dd4-9fe0-41efcd540131,ACC-Camping-1215,CID-216,Receivable,Active,2025-01-01,,0.0,USD,Customer receivable account (Camping),SampleGen
6cf937fd-2d96-4c92-836b-6b833fbe0fb2,ACC-Camping-1216,CID-217,Receivable,Active,2025-01-01,,0.0,USD,Customer receivable account (Camping),SampleGen
af8bf141-3043-4398-85f7-04d99183809c,ACC-Camping-1217,CID-218,Receivable,Active,2025-01-01,,0.0,USD,Customer receivable account (Camping),SampleGen
51403b21-9135-48dc-bd87-9363653bf71e,ACC-Camping-1218,CID-219,Receivable,Active,2025-01-01,,0.0,USD,Customer receivable account (Camping),SampleGen
798f7a69-d68a-4b26-afe3-2d69934c342a,ACC-Camping-1219,CID-220,Receivable,Active,2025-01-01,,0.0,USD,Customer receivable account (Camping),SampleGen
bdbcf399-0d28-4ad0-b4c4-2a6297db845b,ACC-Camping-1220,CID-221,Receivable,Active,2025-01-01,,0.0,USD,Customer receivable account (Camping),SampleGen
67fe2a44-0e5c-4008-a887-faa55ea9185a,ACC-Camping-1221,CID-222,Receivable,Active,2025-01-01,,0.0,USD,Customer receivable account (Camping),SampleGen
1f091668-87f8-4474-a54f-4b4e2ca33df3,ACC-Camping-1222,CID-223,Receivable,Active,2025-01-01,,0.0,USD,Customer receivable account (Camping),SampleGen
9a92e798-77db-46fc-a690-67f4f213facf,ACC-Camping-1223,CID-224,Receivable,Active,2025-01-01,,0.0,USD,Customer receivable account (Camping),SampleGen
77c971f9-81d8-4d41-a3f1-c8c52eea5443,ACC-Camping-1224,CID-225,Receivable,Active,2025-01-01,,0.0,USD,Customer receivable account (Camping),SampleGen
5c75cbed-89b7-46c4-b043-685d61a22fc9,ACC-Camping-1225,CID-226,Receivable,Active,2025-01-01,,0.0,USD,Customer receivable account (Camping),SampleGen
9f75ae15-5bad-45ee-a112-8bb4b6c75b18,ACC-Camping-1226,CID-227,Receivable,Active,2025-01-01,,0.0,USD,Customer receivable account (Camping),SampleGen
fcef846b-aed7-4095-88f8-293c8b7d4788,ACC-Camping-1227,CID-228,Receivable,Active,2025-01-01,,0.0,USD,Customer receivable account (Camping),SampleGen
5e72e042-fe72-47d5-91b8-75531787ef19,ACC-Camping-1228,CID-229,Receivable,Active,2025-01-01,,0.0,USD,Customer receivable account (Camping),SampleGen
4076d95d-43c9-4656-ab0f-5cdc4cbfc095,ACC-Camping-1229,CID-230,Receivable,Active,2025-01-01,,0.0,USD,Customer receivable account (Camping),SampleGen
a5d27855-bff5-45bb-a019-43fdae24cc7d,ACC-Camping-1230,CID-231,Receivable,Active,2025-01-01,,0.0,USD,Customer receivable account (Camping),SampleGen
d4e64229-b140-434c-ae1a-40849a7b1eee,ACC-Camping-1231,CID-232,Receivable,Active,2025-01-01,,0.0,USD,Customer receivable account (Camping),SampleGen
b0a08cd9-230b-4f18-a90b-e958cad3ce80,ACC-Camping-1232,CID-233,Receivable,Active,2025-01-01,,0.0,USD,Customer receivable account (Camping),SampleGen
f46f87fb-0e2d-4940-809b-d0c43166772a,ACC-Camping-1233,CID-234,Receivable,Active,2025-01-01,,0.0,USD,Customer receivable account (Camping),SampleGen
e7fbcde6-b0ba-4798-8193-dc68f5aafd28,ACC-Camping-1234,CID-235,Receivable,Active,2025-01-01,,0.0,USD,Customer receivable account (Camping),SampleGen
e9b56825-bd97-4f29-a9dd-f05bbf1e95cf,ACC-Camping-1235,CID-236,Receivable,Active,2025-01-01,,0.0,USD,Customer receivable account (Camping),SampleGen
225fcb6a-5bf4-451a-8cd1-d3fab67a8a96,ACC-Camping-1236,CID-237,Receivable,Active,2025-01-01,,0.0,USD,Customer receivable account (Camping),SampleGen
e352936e-50f8-4fa3-9fe7-a90f97cd05cf,ACC-Camping-1237,CID-238,Receivable,Active,2025-01-01,,0.0,USD,Customer receivable account (Camping),SampleGen
66b15392-f7cf-43cd-b12a-76517601fb44,ACC-Camping-1238,CID-239,Receivable,Active,2025-01-01,,0.0,USD,Customer receivable account (Camping),SampleGen
d66edd2a-4d61-49bc-9ee2-b575a6393aa7,ACC-Camping-1239,CID-240,Receivable,Active,2025-01-01,,0.0,USD,Customer receivable account (Camping),SampleGen
6f1f49bf-8c7f-4665-ae5d-240d30be5623,ACC-Camping-1240,CID-241,Receivable,Active,2025-01-01,,0.0,USD,Customer receivable account (Camping),SampleGen
930a44d2-2ade-4e9d-8c53-0b33da05be6d,ACC-Camping-1241,CID-242,Receivable,Active,2025-01-01,,0.0,USD,Customer receivable account (Camping),SampleGen
432bd13a-a62a-4a9f-9c66-edabbdd513ec,ACC-Camping-1242,CID-243,Receivable,Active,2025-01-01,,0.0,USD,Customer receivable account (Camping),SampleGen
2dbef9c0-a5ff-4dd4-9da7-1af0c0469065,ACC-Camping-1243,CID-244,Receivable,Active,2025-01-01,,0.0,USD,Customer receivable account (Camping),SampleGen
b5444e87-f802-462b-a582-60f1680b56dc,ACC-Camping-1244,CID-245,Receivable,Active,2025-01-01,,0.0,USD,Customer receivable account (Camping),SampleGen
38c08d24-31b9-4bc1-97d8-8a32160b64a2,ACC-Camping-1245,CID-246,Receivable,Active,2025-01-01,,0.0,USD,Customer receivable account (Camping),SampleGen
864e2390-ea87-4251-a3e3-a7a50b294157,ACC-Camping-1246,CID-247,Receivable,Active,2025-01-01,,0.0,USD,Customer receivable account (Camping),SampleGen
48ab1ef6-ba44-4fd9-8ee2-e5c5603b5b27,ACC-Camping-1247,CID-248,Receivable,Active,2025-01-01,,0.0,USD,Customer receivable account (Camping),SampleGen
2eb91831-83fa-4644-8cd4-0cd922f39e04,ACC-Camping-1248,CID-249,Receivable,Active,2025-01-01,,0.0,USD,Customer receivable account (Camping),SampleGen
657acc65-e845-4ea9-a97b-7a9fde844ac7,ACC-Camping-1249,CID-250,Receivable,Active,2025-01-01,,0.0,USD,Customer receivable account (Camping),SampleGen
353a1fa0-cc5a-4380-a71c-7387f9644a37,ACC-Camping-1250,CID-251,Receivable,Active,2025-01-01,,0.0,USD,Customer receivable account (Camping),SampleGen
d89bfb77-3edb-4bff-8627-5d9ab77a9c6e,ACC-Camping-1251,CID-252,Receivable,Active,2025-01-01,,0.0,USD,Customer receivable account (Camping),SampleGen
bb9a0274-cda2-4bdb-9c6a-fec8bf75ba77,ACC-Camping-1252,CID-253,Receivable,Active,2025-01-01,,0.0,USD,Customer receivable account (Camping),SampleGen
829ee27b-2408-4972-b092-3254e455aebf,ACC-Camping-1253,CID-254,Receivable,Active,2025-01-01,,0.0,USD,Customer receivable account (Camping),SampleGen
c0142f40-5196-43d1-8727-37700cf274da,ACC-Camping-1254,CID-255,Receivable,Active,2025-01-01,,0.0,USD,Customer receivable account (Camping),SampleGen
70e18a44-95bc-4ce7-8bac-4ca89d9f50d1,ACC-Camping-1255,CID-256,Receivable,Active,2025-01-01,,0.0,USD,Customer receivable account (Camping),SampleGen
fe48bbb2-1b2e-48a9-8934-843eb10d8937,ACC-Camping-1256,CID-257,Receivable,Active,2025-01-01,,0.0,USD,Customer receivable account (Camping),SampleGen
83030066-1c10-4041-a27a-75aa5447c72b,ACC-Camping-1257,CID-258,Receivable,Active,2025-01-01,,0.0,USD,Customer receivable account (Camping),SampleGen
1a1c7bf1-9fa2-43dd-aac9-d826c9efee7c,ACC-Camping-1258,CID-259,Receivable,Active,2025-01-01,,0.0,USD,Customer receivable account (Camping),SampleGen
8b7b05d8-ddf3-4850-8e78-15ef01cae2c9,ACC-Camping-1259,CID-260,Receivable,Active,2025-01-01,,0.0,USD,Customer receivable account (Camping),SampleGen
2d9408a3-7eb1-47b5-8151-f6dd4ed769e9,ACC-Camping-1260,CID-261,Receivable,Active,2025-01-01,,0.0,USD,Customer receivable account (Camping),SampleGen
3caa55a5-04b8-4086-88a2-d28e208a04b9,ACC-Camping-1261,CID-262,Receivable,Active,2025-01-01,,0.0,USD,Customer receivable account (Camping),SampleGen
98513769-5727-41c5-9c93-a786d9e04668,ACC-Camping-1262,CID-263,Receivable,Active,2025-01-01,,0.0,USD,Customer receivable account (Camping),SampleGen
0d8ece7e-0ec4-4165-b00d-2696fc8b4350,ACC-Camping-1263,CID-264,Receivable,Active,2025-01-01,,0.0,USD,Customer receivable account (Camping),SampleGen
e4f6400f-f212-4c6a-9bb0-29989aae2a77,ACC-Camping-1264,CID-265,Receivable,Active,2025-01-01,,0.0,USD,Customer receivable account (Camping),SampleGen
f26730da-eb93-4fd9-8e15-fcf3bc8df50e,ACC-Camping-1265,CID-266,Receivable,Active,2025-01-01,,0.0,USD,Customer receivable account (Camping),SampleGen
386664e2-3adf-4575-8a68-766e017bfacc,ACC-Camping-1266,CID-267,Receivable,Active,2025-01-01,,0.0,USD,Customer receivable account (Camping),SampleGen
21b5c7bf-41ee-4943-b4cc-4aa75c69b853,ACC-Camping-1267,CID-268,Receivable,Active,2025-01-01,,0.0,USD,Customer receivable account (Camping),SampleGen
98909053-a363-4199-b174-e35a06a4ca54,ACC-Camping-1268,CID-269,Receivable,Active,2025-01-01,,0.0,USD,Customer receivable account (Camping),SampleGen
5005739e-7b2a-4bb0-a940-2e636c137aa2,ACC-Camping-1269,CID-270,Receivable,Active,2025-01-01,,0.0,USD,Customer receivable account (Camping),SampleGen
776d2b80-9e86-426f-8f88-f0f344935db3,ACC-Camping-1270,CID-271,Receivable,Active,2025-01-01,,0.0,USD,Customer receivable account (Camping),SampleGen
29efa68e-c6d9-48d4-9d16-0099d120aac4,ACC-Camping-1271,CID-272,Receivable,Active,2025-01-01,,0.0,USD,Customer receivable account (Camping),SampleGen
826fc9ac-1374-4735-8dca-2afd693b0d22,ACC-Camping-1272,CID-273,Receivable,Active,2025-01-01,,0.0,USD,Customer receivable account (Camping),SampleGen
36fd43d5-cf48-489d-b18f-ef051c720817,ACC-Camping-1273,CID-274,Receivable,Active,2025-01-01,,0.0,USD,Customer receivable account (Camping),SampleGen
9cbdd021-ba97-4a75-b3f1-92f2d65f7895,ACC-Camping-1274,CID-275,Receivable,Active,2025-01-01,,0.0,USD,Customer receivable account (Camping),SampleGen
707c1a19-b0b6-4914-90b2-94b8442a0937,ACC-Camping-1275,CID-276,Receivable,Active,2025-01-01,,0.0,USD,Customer receivable account (Camping),SampleGen
197baf15-9ed2-4724-869f-67b72793ed7a,ACC-Camping-1276,CID-277,Receivable,Active,2025-01-01,,0.0,USD,Customer receivable account (Camping),SampleGen
66bacda3-dc32-449a-ac57-483d5bb62556,ACC-Camping-1277,CID-278,Receivable,Active,2025-01-01,,0.0,USD,Customer receivable account (Camping),SampleGen
f1b69e3d-d3cf-4105-a9c1-142d6852bff4,ACC-Camping-1278,CID-279,Receivable,Active,2025-01-01,,0.0,USD,Customer receivable account (Camping),SampleGen
eebeb7cf-9460-407a-9e56-86ad587cc0e9,ACC-Camping-1279,CID-280,Receivable,Active,2025-01-01,,0.0,USD,Customer receivable account (Camping),SampleGen
7b20c205-909c-4ba8-9bd3-2c0ed2366696,ACC-Camping-1280,CID-281,Receivable,Active,2025-01-01,,0.0,USD,Customer receivable account (Camping),SampleGen
20dab8df-3e5c-41d5-87c2-c9aa54242a56,ACC-Camping-1281,CID-282,Receivable,Active,2025-01-01,,0.0,USD,Customer receivable account (Camping),SampleGen
4fb42b60-bae3-4aba-85e6-145938931421,ACC-Camping-1282,CID-283,Receivable,Active,2025-01-01,,0.0,USD,Customer receivable account (Camping),SampleGen
4835fe39-e160-412f-b28c-a378b47529f3,ACC-Camping-1283,CID-284,Receivable,Active,2025-01-01,,0.0,USD,Customer receivable account (Camping),SampleGen
ea5297f0-d763-4000-9821-fa8ebe7f61e8,ACC-Camping-1284,CID-285,Receivable,Active,2025-01-01,,0.0,USD,Customer receivable account (Camping),SampleGen
98259e73-6efe-430f-a2ab-e4dd7d798fb0,ACC-Camping-1285,CID-286,Receivable,Active,2025-01-01,,0.0,USD,Customer receivable account (Camping),SampleGen
ba87f1ca-4f0f-4d2a-a9d9-ccfc33f68e74,ACC-Camping-1286,CID-287,Receivable,Active,2025-01-01,,0.0,USD,Customer receivable account (Camping),SampleGen
d0142075-d9d8-4330-9a1c-9223b75b2ac1,ACC-Camping-1287,CID-288,Receivable,Active,2025-01-01,,0.0,USD,Customer receivable account (Camping),SampleGen
d48b4dd0-de74-479d-aa31-182e075daa6a,ACC-Camping-1288,CID-289,Receivable,Active,2025-01-01,,0.0,USD,Customer receivable account (Camping),SampleGen
94aa291b-3304-4e92-ab1b-e1b5a99a1f21,ACC-Camping-1289,CID-290,Receivable,Active,2025-01-01,,0.0,USD,Customer receivable account (Camping),SampleGen
36ff633d-6aef-4f85-aea6-4029f4c58bc1,ACC-Camping-1290,CID-291,Receivable,Active,2025-01-01,,0.0,USD,Customer receivable account (Camping),SampleGen
f38434a8-6298-42ca-8a26-4a64ce43ac38,ACC-Camping-1291,CID-292,Receivable,Active,2025-01-01,,0.0,USD,Customer receivable account (Camping),SampleGen
1fa90471-ae97-4317-a65c-2955caa48666,ACC-Camping-1292,CID-293,Receivable,Active,2025-01-01,,0.0,USD,Customer receivable account (Camping),SampleGen
1aff431a-3afd-42f4-81b7-2e3eb2820b5f,ACC-Camping-1293,CID-294,Receivable,Active,2025-01-01,,0.0,USD,Customer receivable account (Camping),SampleGen
60661916-848d-4c7a-9fd6-fb79784fa850,ACC-Camping-1294,CID-295,Receivable,Active,2025-01-01,,0.0,USD,Customer receivable account (Camping),SampleGen
ade9ae45-6281-4416-9292-d0c61032f575,ACC-Camping-1295,CID-296,Receivable,Active,2025-01-01,,0.0,USD,Customer receivable account (Camping),SampleGen
f7706925-5b64-4944-aebc-33d78c2d79a9,ACC-Camping-1296,CID-297,Receivable,Active,2025-01-01,,0.0,USD,Customer receivable account (Camping),SampleGen
03f74602-197c-4b0a-bf0f-9d893512fe40,ACC-Camping-1297,CID-298,Receivable,Active,2025-01-01,,0.0,USD,Customer receivable account (Camping),SampleGen
fb124720-00b7-4333-97e3-ca2c42810fc6,ACC-Camping-1298,CID-299,Receivable,Active,2025-01-01,,0.0,USD,Customer receivable account (Camping),SampleGen
2edd0ad8-91ed-4b56-8133-52d9471e2f84,ACC-Camping-1299,CID-300,Receivable,Active,2025-01-01,,0.0,USD,Customer receivable account (Camping),SampleGen
869f1214-052c-40eb-97b5-d51c91adf81d,ACC-Camping-1300,CID-301,Receivable,Active,2025-01-01,,0.0,USD,Customer receivable account (Camping),SampleGen
a6696bb8-3292-47c2-a8f2-fe09b02c1b01,ACC-Camping-1301,CID-302,Receivable,Active,2025-01-01,,0.0,USD,Customer receivable account (Camping),SampleGen
f72063d5-8732-4be3-b1b9-a0906d9944fb,ACC-Camping-1302,CID-303,Receivable,Active,2025-01-01,,0.0,USD,Customer receivable account (Camping),SampleGen
b4c5b5ad-a4a2-4b1c-9770-83539a8fd093,ACC-Camping-1303,CID-304,Receivable,Active,2025-01-01,,0.0,USD,Customer receivable account (Camping),SampleGen
b1a5f483-ecd9-4b5a-964e-6f2d9c9d80d8,ACC-Camping-1304,CID-305,Receivable,Active,2025-01-01,,0.0,USD,Customer receivable account (Camping),SampleGen
7fe81974-2c50-41dc-89a0-3468368d7a54,ACC-Camping-1305,CID-306,Receivable,Active,2025-01-01,,0.0,USD,Customer receivable account (Camping),SampleGen
bd2c6110-fe27-4983-aac1-c556baed361c,ACC-Camping-1306,CID-307,Receivable,Active,2025-01-01,,0.0,USD,Customer receivable account (Camping),SampleGen
b0ec0fcd-fdad-4d9a-b185-c922f0fef20d,ACC-Camping-1307,CID-308,Receivable,Active,2025-01-01,,0.0,USD,Customer receivable account (Camping),SampleGen
82bc6e2a-caf2-42e8-9cad-61aad2d751dd,ACC-Camping-1308,CID-309,Receivable,Active,2025-01-01,,0.0,USD,Customer receivable account (Camping),SampleGen
3e5f87e0-a780-4695-96ac-b1c9b2f95569,ACC-Camping-1309,CID-310,Receivable,Active,2025-01-01,,0.0,USD,Customer receivable account (Camping),SampleGen
1e3c204c-5bb2-4239-9cdf-48137066fc92,ACC-Camping-1310,CID-311,Receivable,Active,2025-01-01,,0.0,USD,Customer receivable account (Camping),SampleGen
1e292851-3a55-4421-9d4a-7e04e4c1d03b,ACC-Camping-1311,CID-312,Receivable,Active,2025-01-01,,0.0,USD,Customer receivable account (Camping),SampleGen
96239779-f0b1-4155-9d3e-30a26ff8b31e,ACC-Camping-1312,CID-313,Receivable,Active,2025-01-01,,0.0,USD,Customer receivable account (Camping),SampleGen
066f1c0b-2a2d-4759-b0e3-3db1122b6074,ACC-Camping-1313,CID-314,Receivable,Active,2025-01-01,,0.0,USD,Customer receivable account (Camping),SampleGen
18aa8683-2c1a-46b2-8e4d-38ad3216e668,ACC-Camping-1314,CID-315,Receivable,Active,2025-01-01,,0.0,USD,Customer receivable account (Camping),SampleGen
94300844-9677-4881-8f02-83216a222a11,ACC-Camping-1315,CID-316,Receivable,Active,2025-01-01,,0.0,USD,Customer receivable account (Camping),SampleGen
160d4fec-0904-4476-ab7c-c9e3c42213f2,ACC-Camping-1316,CID-317,Receivable,Active,2025-01-01,,0.0,USD,Customer receivable account (Camping),SampleGen
f35ecc47-cfdb-4d82-9182-1faef51eca82,ACC-Camping-1317,CID-318,Receivable,Active,2025-01-01,,0.0,USD,Customer receivable account (Camping),SampleGen
fb8893c3-1513-4fd2-9dc6-1f1f5d082ac5,ACC-Camping-1318,CID-319,Receivable,Active,2025-01-01,,0.0,USD,Customer receivable account (Camping),SampleGen
e7a0e8de-8f23-44b7-ba34-8c6ef7cb37c0,ACC-Camping-1319,CID-320,Receivable,Active,2025-01-01,,0.0,USD,Customer receivable account (Camping),SampleGen
24ed65a5-2745-418e-af15-cedda50ed500,ACC-Camping-1320,CID-321,Receivable,Active,2025-01-01,,0.0,USD,Customer receivable account (Camping),SampleGen
65d93cab-966e-4e1a-a4c4-8aa87d486949,ACC-Camping-1321,CID-322,Receivable,Active,2025-01-01,,0.0,USD,Customer receivable account (Camping),SampleGen
efe7224a-d442-40e4-8959-c99519651d2c,ACC-Camping-1322,CID-323,Receivable,Active,2025-01-01,,0.0,USD,Customer receivable account (Camping),SampleGen
34b980e2-ba46-45a1-ae82-da4915c16309,ACC-Camping-1323,CID-324,Receivable,Active,2025-01-01,,0.0,USD,Customer receivable account (Camping),SampleGen
ac46dbeb-ad2d-417f-b001-93d9a9ed6861,ACC-Camping-1324,CID-325,Receivable,Active,2025-01-01,,0.0,USD,Customer receivable account (Camping),SampleGen
3d15e695-ba24-4340-b303-e5623a30ccbb,ACC-Camping-1325,CID-326,Receivable,Active,2025-01-01,,0.0,USD,Customer receivable account (Camping),SampleGen
2f4a8fb3-afb2-4b7a-a265-3859bdedd585,ACC-Camping-1326,CID-327,Receivable,Active,2025-01-01,,0.0,USD,Customer receivable account (Camping),SampleGen
5b1eb861-5d4b-4c84-a259-b7b18b547f25,ACC-Camping-1327,CID-328,Receivable,Active,2025-01-01,,0.0,USD,Customer receivable account (Camping),SampleGen
e83bc9a7-dcf1-4891-a156-c0ef92062389,ACC-Camping-1328,CID-329,Receivable,Active,2025-01-01,,0.0,USD,Customer receivable account (Camping),SampleGen
f7d344bc-b5ae-458d-b4ea-8ba79a82ab55,ACC-Camping-1329,CID-330,Receivable,Active,2025-01-01,,0.0,USD,Customer receivable account (Camping),SampleGen
9c5c1fdb-24d6-4b71-9c12-ccbc584fb6ec,ACC-Camping-1330,CID-331,Receivable,Active,2025-01-01,,0.0,USD,Customer receivable account (Camping),SampleGen
33f7fed3-0a06-4980-8a8d-f360197014fe,ACC-Camping-1331,CID-332,Receivable,Active,2025-01-01,,0.0,USD,Customer receivable account (Camping),SampleGen
bf548c6d-7954-4b22-b4ce-d827861106a5,ACC-Camping-1332,CID-333,Receivable,Active,2025-01-01,,0.0,USD,Customer receivable account (Camping),SampleGen
6e71689d-f30e-4acb-a8c5-36f5c1849887,ACC-Camping-1333,CID-334,Receivable,Active,2025-01-01,,0.0,USD,Customer receivable account (Camping),SampleGen
0b2eba59-0a05-497a-90cf-8c70dd29cd19,ACC-Camping-1334,CID-335,Receivable,Active,2025-01-01,,0.0,USD,Customer receivable account (Camping),SampleGen
1b3f10c5-9343-4e1d-b4ac-68b84c4eff4f,ACC-Camping-1335,CID-336,Receivable,Active,2025-01-01,,0.0,USD,Customer receivable account (Camping),SampleGen
ca2b4653-f84b-4ca1-8555-11df7bdf3c91,ACC-Camping-1336,CID-337,Receivable,Active,2025-01-01,,0.0,USD,Customer receivable account (Camping),SampleGen
30adb800-d6eb-44b9-aedb-d29f69d17fb7,ACC-Camping-1337,CID-338,Receivable,Active,2025-01-01,,0.0,USD,Customer receivable account (Camping),SampleGen
b371fb41-8423-45fb-879f-a98dccf70618,ACC-Camping-1338,CID-339,Receivable,Active,2025-01-01,,0.0,USD,Customer receivable account (Camping),SampleGen
04247a08-42e3-4c37-a817-a533be9ef785,ACC-Camping-1339,CID-340,Receivable,Active,2025-01-01,,0.0,USD,Customer receivable account (Camping),SampleGen
5bb31f78-b800-4688-8246-6075b963dd8c,ACC-Camping-1340,CID-341,Receivable,Active,2025-01-01,,0.0,USD,Customer receivable account (Camping),SampleGen
f8e05cda-7914-4708-b527-15a65944a391,ACC-Camping-1341,CID-342,Receivable,Active,2025-01-01,,0.0,USD,Customer receivable account (Camping),SampleGen
478e8280-209e-4e97-8edc-1cf08ba79e19,ACC-Camping-1342,CID-343,Receivable,Active,2025-01-01,,0.0,USD,Customer receivable account (Camping),SampleGen
f29aa2f3-6f19-4657-88e5-18a9d922ceb1,ACC-Camping-1343,CID-344,Receivable,Active,2025-01-01,,0.0,USD,Customer receivable account (Camping),SampleGen
a47e98dc-2eda-4a2c-b6e5-fe62df9fe06d,ACC-Camping-1344,CID-345,Receivable,Active,2025-01-01,,0.0,USD,Customer receivable account (Camping),SampleGen
78125047-45b0-4787-9e5a-dbc99387fac0,ACC-Camping-1345,CID-346,Receivable,Active,2025-01-01,,0.0,USD,Customer receivable account (Camping),SampleGen
eb0fc76e-9159-4bd6-be0d-dd8a4b7bce53,ACC-Camping-1346,CID-347,Receivable,Active,2025-01-01,,0.0,USD,Customer receivable account (Camping),SampleGen
1a501ed0-d8f2-42d2-8ca1-c18101226b62,ACC-Camping-1347,CID-348,Receivable,Active,2025-01-01,,0.0,USD,Customer receivable account (Camping),SampleGen
d0e07486-ba7c-4008-ae7b-e81c0da387c0,ACC-Camping-1348,CID-349,Receivable,Active,2025-01-01,,0.0,USD,Customer receivable account (Camping),SampleGen
bed6648f-28bf-4324-9322-922394557a3f,ACC-Camping-1349,CID-350,Receivable,Active,2025-01-01,,0.0,USD,Customer receivable account (Camping),SampleGen
fb88db20-fa39-472c-9486-d5bc332bd2a0,ACC-Camping-1350,CID-351,Receivable,Active,2025-01-01,,0.0,USD,Customer receivable account (Camping),SampleGen
03bbf338-ed22-44f1-85f5-8bfac8049871,ACC-Camping-1351,CID-352,Receivable,Active,2025-01-01,,0.0,USD,Customer receivable account (Camping),SampleGen
8f7de604-ff0b-4f0d-bda5-c90a9f1f5a0a,ACC-Camping-1352,CID-353,Receivable,Active,2025-01-01,,0.0,USD,Customer receivable account (Camping),SampleGen
72bec29a-b829-4516-b40f-4d979d9b4cf8,ACC-Camping-1353,CID-354,Receivable,Active,2025-01-01,,0.0,USD,Customer receivable account (Camping),SampleGen
d1c3d046-a7d3-4320-a541-e9145e8fabca,ACC-Camping-1354,CID-355,Receivable,Active,2025-01-01,,0.0,USD,Customer receivable account (Camping),SampleGen
27b460f3-96da-4dbf-a793-fcd1b24164eb,ACC-Camping-1355,CID-356,Receivable,Active,2025-01-01,,0.0,USD,Customer receivable account (Camping),SampleGen
062dc4f5-bf1b-460e-8528-7aeb7ec4a1bc,ACC-Camping-1356,CID-357,Receivable,Active,2025-01-01,,0.0,USD,Customer receivable account (Camping),SampleGen
186ef93a-6595-461c-b7a9-d4eab725d104,ACC-Camping-1357,CID-358,Receivable,Active,2025-01-01,,0.0,USD,Customer receivable account (Camping),SampleGen
826547f1-7840-4a04-92a7-1efef7919739,ACC-Camping-1358,CID-359,Receivable,Active,2025-01-01,,0.0,USD,Customer receivable account (Camping),SampleGen
a71bd8a2-9a03-41ac-bd03-b73f6077777f,ACC-Camping-1359,CID-360,Receivable,Active,2025-01-01,,0.0,USD,Customer receivable account (Camping),SampleGen
ed429015-f558-4f27-8c0d-68c0852f5e7d,ACC-Camping-1360,CID-361,Receivable,Active,2025-01-01,,0.0,USD,Customer receivable account (Camping),SampleGen
227582a1-6272-4e38-8bc1-5612841fdf29,ACC-Camping-1361,CID-362,Receivable,Active,2025-01-01,,0.0,USD,Customer receivable account (Camping),SampleGen
bd0a727b-25a9-4610-87a2-36c2dee21489,ACC-Camping-1362,CID-363,Receivable,Active,2025-01-01,,0.0,USD,Customer receivable account (Camping),SampleGen
ae7a72ae-c4bd-4573-bae7-86eb760b7c3f,ACC-Camping-1363,CID-364,Receivable,Active,2025-01-01,,0.0,USD,Customer receivable account (Camping),SampleGen
f1146cd8-8a67-4967-9fb0-bea5de4d25fc,ACC-Camping-1364,CID-365,Receivable,Active,2025-01-01,,0.0,USD,Customer receivable account (Camping),SampleGen
0e48086e-7800-4182-b4b4-89a9be2fb893,ACC-Camping-1365,CID-366,Receivable,Active,2025-01-01,,0.0,USD,Customer receivable account (Camping),SampleGen
ddf41171-07e3-4ff3-befe-18c9038261ad,ACC-Camping-1366,CID-367,Receivable,Active,2025-01-01,,0.0,USD,Customer receivable account (Camping),SampleGen
5703ed22-37c6-46c0-a3f3-098d34f6f5aa,ACC-Camping-1367,CID-368,Receivable,Active,2025-01-01,,0.0,USD,Customer receivable account (Camping),SampleGen
8d7cd8d7-63cb-4ece-89e7-3d004b7f694a,ACC-Camping-1368,CID-369,Receivable,Active,2025-01-01,,0.0,USD,Customer receivable account (Camping),SampleGen
9ab8063b-54f0-4493-afe0-d648ad7d010b,ACC-Camping-1369,CID-370,Receivable,Active,2025-01-01,,0.0,USD,Customer receivable account (Camping),SampleGen
149f6fa9-d820-4421-a29b-0a792034d4c2,ACC-Camping-1370,CID-371,Receivable,Active,2025-01-01,,0.0,USD,Customer receivable account (Camping),SampleGen
96717551-b29c-419a-8b41-e29ad8a96247,ACC-Camping-1371,CID-372,Receivable,Active,2025-01-01,,0.0,USD,Customer receivable account (Camping),SampleGen
6cf7e90d-a34b-4399-88f8-ef0dff0a603e,ACC-Camping-1372,CID-373,Receivable,Active,2025-01-01,,0.0,USD,Customer receivable account (Camping),SampleGen
0f4a8df0-5663-422a-acf4-dd72db699e67,ACC-Camping-1373,CID-374,Receivable,Active,2025-01-01,,0.0,USD,Customer receivable account (Camping),SampleGen
0d1bd4cf-604e-4f64-bc69-71055b49ed72,ACC-Camping-1374,CID-375,Receivable,Active,2025-01-01,,0.0,USD,Customer receivable account (Camping),SampleGen
6616bd43-badd-49e5-ae51-059d0f5a397a,ACC-Camping-1375,CID-376,Receivable,Active,2025-01-01,,0.0,USD,Customer receivable account (Camping),SampleGen
7979db87-32b2-48aa-9491-5597a3b87161,ACC-Camping-1376,CID-377,Receivable,Active,2025-01-01,,0.0,USD,Customer receivable account (Camping),SampleGen
7f82e94a-df2f-49e8-9742-8541d9978a67,ACC-Camping-1377,CID-378,Receivable,Active,2025-01-01,,0.0,USD,Customer receivable account (Camping),SampleGen
4a823bc1-71a9-4403-867b-7d24bbaa5e63,ACC-Camping-1378,CID-379,Receivable,Active,2025-01-01,,0.0,USD,Customer receivable account (Camping),SampleGen
5a67ccbe-ff63-45dc-ad90-4e1a0bee7a1f,ACC-Camping-1379,CID-380,Receivable,Active,2025-01-01,,0.0,USD,Customer receivable account (Camping),SampleGen
676bc6df-c6e7-4f33-b6c5-8c151db82efd,ACC-Camping-1380,CID-381,Receivable,Active,2025-01-01,,0.0,USD,Customer receivable account (Camping),SampleGen
242f55c8-6783-4945-8139-66d81f15eaed,ACC-Camping-1381,CID-382,Receivable,Active,2025-01-01,,0.0,USD,Customer receivable account (Camping),SampleGen
1b2898c3-f8e6-44bc-80cc-3487b9a3d6df,ACC-Camping-1382,CID-383,Receivable,Active,2025-01-01,,0.0,USD,Customer receivable account (Camping),SampleGen
fa65d7bc-5765-4f47-a6fd-8db762f60ced,ACC-Camping-1383,CID-384,Receivable,Active,2025-01-01,,0.0,USD,Customer receivable account (Camping),SampleGen
c6fe944e-97a2-4b15-8ec3-d2d4c058424a,ACC-Camping-1384,CID-385,Receivable,Active,2025-01-01,,0.0,USD,Customer receivable account (Camping),SampleGen
32feb800-3c81-409c-9047-a3a39abbe293,ACC-Camping-1385,CID-386,Receivable,Active,2025-01-01,,0.0,USD,Customer receivable account (Camping),SampleGen
1b88f701-8fc4-45c8-8e7b-f20a579d33ad,ACC-Camping-1386,CID-387,Receivable,Active,2025-01-01,,0.0,USD,Customer receivable account (Camping),SampleGen
f9968fe1-67a5-4726-b30d-0abbe0d34c54,ACC-Camping-1387,CID-388,Receivable,Active,2025-01-01,,0.0,USD,Customer receivable account (Camping),SampleGen
9caf67b4-c737-4164-90c6-c59eb47d6f3f,ACC-Camping-1388,CID-389,Receivable,Active,2025-01-01,,0.0,USD,Customer receivable account (Camping),SampleGen
7cf6a362-d138-4c36-94d9-bd53ea75bf85,ACC-Camping-1389,CID-390,Receivable,Active,2025-01-01,,0.0,USD,Customer receivable account (Camping),SampleGen
1fdb3fa3-74dd-4eb8-9f09-61a5949b1929,ACC-Camping-1390,CID-391,Receivable,Active,2025-01-01,,0.0,USD,Customer receivable account (Camping),SampleGen
5b1e162a-70bc-48d6-9409-389beb5c5995,ACC-Camping-1391,CID-392,Receivable,Active,2025-01-01,,0.0,USD,Customer receivable account (Camping),SampleGen
176f38b5-2e75-4d43-a40c-ec6766f2a6c2,ACC-Camping-1392,CID-393,Receivable,Active,2025-01-01,,0.0,USD,Customer receivable account (Camping),SampleGen
54ae4b23-0240-4824-af66-2eabdd95d947,ACC-Camping-1393,CID-394,Receivable,Active,2025-01-01,,0.0,USD,Customer receivable account (Camping),SampleGen
3a547acb-5728-4411-8b3e-a65b6f79f339,ACC-Camping-1394,CID-395,Receivable,Active,2025-01-01,,0.0,USD,Customer receivable account (Camping),SampleGen
38563239-1b03-4495-865c-161e023df536,ACC-Camping-1395,CID-396,Receivable,Active,2025-01-01,,0.0,USD,Customer receivable account (Camping),SampleGen
aa38b9b9-cf96-4041-b976-77033b4b3d4b,ACC-Camping-1396,CID-397,Receivable,Active,2025-01-01,,0.0,USD,Customer receivable account (Camping),SampleGen
4d3aef30-398c-46b7-99b6-dba9ac9eb5c7,ACC-Camping-1397,CID-398,Receivable,Active,2025-01-01,,0.0,USD,Customer receivable account (Camping),SampleGen
0275a5a2-e4c1-43a1-b88b-d76498e997c3,ACC-Camping-1398,CID-399,Receivable,Active,2025-01-01,,0.0,USD,Customer receivable account (Camping),SampleGen
e5b96328-b570-4c44-8b99-818d6a7be506,ACC-Camping-1399,CID-400,Receivable,Active,2025-01-01,,0.0,USD,Customer receivable account (Camping),SampleGen
088f2141-a5d9-4e99-995b-0e33e63e0fa5,ACC-Camping-1400,CID-401,Receivable,Active,2025-01-01,,0.0,USD,Customer receivable account (Camping),SampleGen
68d94fbd-4b61-46a6-a991-7d909d2c909e,ACC-Camping-1401,CID-402,Receivable,Active,2025-01-01,,0.0,USD,Customer receivable account (Camping),SampleGen
e9047ee4-8df4-4c8c-82a1-d0b635987bf5,ACC-Camping-1402,CID-403,Receivable,Active,2025-01-01,,0.0,USD,Customer receivable account (Camping),SampleGen
21be76e9-5db9-4ed3-9227-e3271cf9bb47,ACC-Camping-1403,CID-404,Receivable,Active,2025-01-01,,0.0,USD,Customer receivable account (Camping),SampleGen
e7d8f90d-1121-46df-a9f4-763444f01ba3,ACC-Camping-1404,CID-405,Receivable,Active,2025-01-01,,0.0,USD,Customer receivable account (Camping),SampleGen
2eb0100a-cd9b-44bc-ae5e-633ddd525df7,ACC-Camping-1405,CID-406,Receivable,Active,2025-01-01,,0.0,USD,Customer receivable account (Camping),SampleGen
213dcedc-f9d6-47f9-afd7-fbdc035e7d75,ACC-Camping-1406,CID-407,Receivable,Active,2025-01-01,,0.0,USD,Customer receivable account (Camping),SampleGen
c51844fe-6e6b-4c25-9456-a0d760cb4835,ACC-Camping-1407,CID-408,Receivable,Active,2025-01-01,,0.0,USD,Customer receivable account (Camping),SampleGen
379f3e2b-30fd-453b-8d90-8ab01b7b8ee8,ACC-Camping-1408,CID-409,Receivable,Active,2025-01-01,,0.0,USD,Customer receivable account (Camping),SampleGen
e7a278a0-ed8c-4d7f-ba62-25f48e8a0d7c,ACC-Camping-1409,CID-410,Receivable,Active,2025-01-01,,0.0,USD,Customer receivable account (Camping),SampleGen
2c7469b5-e124-4961-9cf2-dcaabe8b190d,ACC-Camping-1410,CID-411,Receivable,Active,2025-01-01,,0.0,USD,Customer receivable account (Camping),SampleGen
a2a627d9-e72b-4cb7-af79-a1d9aee2483d,ACC-Camping-1411,CID-412,Receivable,Active,2025-01-01,,0.0,USD,Customer receivable account (Camping),SampleGen
7a75769b-b388-46f6-872d-cf4c4dd558a4,ACC-Camping-1412,CID-413,Receivable,Active,2025-01-01,,0.0,USD,Customer receivable account (Camping),SampleGen
dad75bec-9daf-4e1f-9bee-8d289966e8c2,ACC-Camping-1413,CID-414,Receivable,Active,2025-01-01,,0.0,USD,Customer receivable account (Camping),SampleGen
191ee6d5-c348-4559-a7e4-2fd72dca1c77,ACC-Camping-1414,CID-415,Receivable,Active,2025-01-01,,0.0,USD,Customer receivable account (Camping),SampleGen
158d00f7-e4a3-4b78-b036-eec56e43f705,ACC-Camping-1415,CID-416,Receivable,Active,2025-01-01,,0.0,USD,Customer receivable account (Camping),SampleGen
2875c563-19ce-4e49-b053-ef84171c771b,ACC-Camping-1416,CID-417,Receivable,Active,2025-01-01,,0.0,USD,Customer receivable account (Camping),SampleGen
220933de-be93-416a-9410-9fa0e4e5df60,ACC-Camping-1417,CID-418,Receivable,Active,2025-01-01,,0.0,USD,Customer receivable account (Camping),SampleGen
199abf09-8ead-4a40-a090-8dbbb6ee96ba,ACC-Camping-1418,CID-419,Receivable,Active,2025-01-01,,0.0,USD,Customer receivable account (Camping),SampleGen
223439c3-9d5e-424e-bdd7-c630dcba363a,ACC-Camping-1419,CID-420,Receivable,Active,2025-01-01,,0.0,USD,Customer receivable account (Camping),SampleGen
e1d7f215-30cd-4e68-8849-ad5efccb88fd,ACC-Camping-1420,CID-421,Receivable,Active,2025-01-01,,0.0,USD,Customer receivable account (Camping),SampleGen
9c8072b3-b754-4548-9386-3c9177064305,ACC-Camping-1421,CID-422,Receivable,Active,2025-01-01,,0.0,USD,Customer receivable account (Camping),SampleGen
6e0c427c-1b96-4168-b580-86000fb02536,ACC-Camping-1422,CID-423,Receivable,Active,2025-01-01,,0.0,USD,Customer receivable account (Camping),SampleGen
8ac2ca50-50eb-4e62-ac93-0e725f8e02a1,ACC-Camping-1423,CID-424,Receivable,Active,2025-01-01,,0.0,USD,Customer receivable account (Camping),SampleGen
61defa36-6d63-472c-905b-05192bdf5784,ACC-Camping-1424,CID-425,Receivable,Active,2025-01-01,,0.0,USD,Customer receivable account (Camping),SampleGen
d5b4331c-80ab-4be0-9697-767909101ba2,ACC-Camping-1425,CID-426,Receivable,Active,2025-01-01,,0.0,USD,Customer receivable account (Camping),SampleGen
cf3b3054-2aad-4141-a2dd-7a8a5c750e21,ACC-Camping-1426,CID-427,Receivable,Active,2025-01-01,,0.0,USD,Customer receivable account (Camping),SampleGen
39178780-dd51-4a9f-a0ca-55830e0969d7,ACC-Camping-1427,CID-428,Receivable,Active,2025-01-01,,0.0,USD,Customer receivable account (Camping),SampleGen
9d595878-ab9a-4cd0-b52f-d80382337df1,ACC-Camping-1428,CID-429,Receivable,Active,2025-01-01,,0.0,USD,Customer receivable account (Camping),SampleGen
263da8d1-a46d-4b2e-9378-d634c998b3e5,ACC-Camping-1429,CID-430,Receivable,Active,2025-01-01,,0.0,USD,Customer receivable account (Camping),SampleGen
ef8d38e9-f38b-4fb8-9b09-8eb04dff7282,ACC-Camping-1430,CID-431,Receivable,Active,2025-01-01,,0.0,USD,Customer receivable account (Camping),SampleGen
8ab70717-df50-4637-a577-1b4260dda92a,ACC-Camping-1431,CID-432,Receivable,Active,2025-01-01,,0.0,USD,Customer receivable account (Camping),SampleGen
bf3ec56e-f7ce-4567-ade3-ef07d50b13f9,ACC-Camping-1432,CID-433,Receivable,Active,2025-01-01,,0.0,USD,Customer receivable account (Camping),SampleGen
f43e3a86-82dd-4032-96ac-cb6b9ae89977,ACC-Camping-1433,CID-434,Receivable,Active,2025-01-01,,0.0,USD,Customer receivable account (Camping),SampleGen
859849d6-3c3b-4f39-a161-d4bdbd5cab02,ACC-Camping-1434,CID-435,Receivable,Active,2025-01-01,,0.0,USD,Customer receivable account (Camping),SampleGen
971d5530-32f7-4453-9a6b-3d3b7c2e4416,ACC-Camping-1435,CID-436,Receivable,Active,2025-01-01,,0.0,USD,Customer receivable account (Camping),SampleGen
11d53aef-678d-46ba-aadc-bb5072eb16e7,ACC-Camping-1436,CID-437,Receivable,Active,2025-01-01,,0.0,USD,Customer receivable account (Camping),SampleGen
22624b0e-6d70-438a-abeb-d7aefb27aa9d,ACC-Camping-1437,CID-438,Receivable,Active,2025-01-01,,0.0,USD,Customer receivable account (Camping),SampleGen
204a2533-9f8f-4c75-8bc7-a73c82fb5222,ACC-Camping-1438,CID-439,Receivable,Active,2025-01-01,,0.0,USD,Customer receivable account (Camping),SampleGen
adc34d2b-ccb2-4b58-9c28-a7d49eae50a3,ACC-Camping-1439,CID-440,Receivable,Active,2025-01-01,,0.0,USD,Customer receivable account (Camping),SampleGen
a8e536fa-dffa-4667-a5d8-ef85dbf33b94,ACC-Camping-1440,CID-441,Receivable,Active,2025-01-01,,0.0,USD,Customer receivable account (Camping),SampleGen
09645423-f845-4df4-8b89-20f76a0c333b,ACC-Camping-1441,CID-442,Receivable,Active,2025-01-01,,0.0,USD,Customer receivable account (Camping),SampleGen
f2661419-7508-40f3-916c-87a7c0de9490,ACC-Camping-1442,CID-443,Receivable,Active,2025-01-01,,0.0,USD,Customer receivable account (Camping),SampleGen
b402c25b-dda1-4476-b28f-4f1c2b3fb020,ACC-Camping-1443,CID-444,Receivable,Active,2025-01-01,,0.0,USD,Customer receivable account (Camping),SampleGen
ec5940e6-c75b-47ba-83ca-89347a75409c,ACC-Camping-1444,CID-445,Receivable,Active,2025-01-01,,0.0,USD,Customer receivable account (Camping),SampleGen
ec0a8c30-d270-4301-8c8e-728bc2159742,ACC-Camping-1445,CID-446,Receivable,Active,2025-01-01,,0.0,USD,Customer receivable account (Camping),SampleGen
672a56a8-c95b-49c0-9520-5d4e831b0b06,ACC-Camping-1446,CID-447,Receivable,Active,2025-01-01,,0.0,USD,Customer receivable account (Camping),SampleGen
14ff5c4e-e318-415f-a59a-8bd6462e1caf,ACC-Camping-1447,CID-448,Receivable,Active,2025-01-01,,0.0,USD,Customer receivable account (Camping),SampleGen
a2a70514-77b7-4a88-9fa4-c47af10b5742,ACC-Camping-1448,CID-449,Receivable,Active,2025-01-01,,0.0,USD,Customer receivable account (Camping),SampleGen
d7dabfc8-065e-4e0e-9200-4519aef469b2,ACC-Camping-1449,CID-450,Receivable,Active,2025-01-01,,0.0,USD,Customer receivable account (Camping),SampleGen
c9a40aa4-b51e-4c65-a8a3-a4a4195b8dc7,ACC-Camping-1450,CID-451,Receivable,Active,2025-01-01,,0.0,USD,Customer receivable account (Camping),SampleGen
7b732db3-4cb7-4d91-8a85-520d212fcc22,ACC-Camping-1451,CID-452,Receivable,Active,2025-01-01,,0.0,USD,Customer receivable account (Camping),SampleGen
dc3b6dd6-aab3-48be-9592-27e2471982af,ACC-Camping-1452,CID-453,Receivable,Active,2025-01-01,,0.0,USD,Customer receivable account (Camping),SampleGen
27935e9c-2d5f-4ca7-b663-89c19847cc62,ACC-Camping-1453,CID-454,Receivable,Active,2025-01-01,,0.0,USD,Customer receivable account (Camping),SampleGen
db2651ed-1a31-4810-9aae-7ce478af6d19,ACC-Camping-1454,CID-455,Receivable,Active,2025-01-01,,0.0,USD,Customer receivable account (Camping),SampleGen
e4ca1fb9-a73b-48d3-88af-a9fe8af8902f,ACC-Camping-1455,CID-456,Receivable,Active,2025-01-01,,0.0,USD,Customer receivable account (Camping),SampleGen
ec27fc4c-23d1-4330-b866-53bed4285953,ACC-Camping-1456,CID-457,Receivable,Active,2025-01-01,,0.0,USD,Customer receivable account (Camping),SampleGen
c42bfc17-29e3-40f8-acf3-09464dacf54d,ACC-Camping-1457,CID-458,Receivable,Active,2025-01-01,,0.0,USD,Customer receivable account (Camping),SampleGen
a04b6226-b0db-4d75-b7eb-559e025f32c0,ACC-Camping-1458,CID-459,Receivable,Active,2025-01-01,,0.0,USD,Customer receivable account (Camping),SampleGen
bc670454-ef9c-4d7c-98bf-89207f5bf600,ACC-Camping-1459,CID-460,Receivable,Active,2025-01-01,,0.0,USD,Customer receivable account (Camping),SampleGen
b1e549a6-8f1c-42b7-837e-46e667db9143,ACC-Camping-1460,CID-461,Receivable,Active,2025-01-01,,0.0,USD,Customer receivable account (Camping),SampleGen
fc52aecd-21af-43d3-927e-6e54b748db9c,ACC-Camping-1461,CID-462,Receivable,Active,2025-01-01,,0.0,USD,Customer receivable account (Camping),SampleGen
aaaf3f5c-e0e8-43b3-8fbc-7055ce35a8ba,ACC-Camping-1462,CID-463,Receivable,Active,2025-01-01,,0.0,USD,Customer receivable account (Camping),SampleGen
57c94653-8e95-4eee-9c03-538a85bb1560,ACC-Camping-1463,CID-464,Receivable,Active,2025-01-01,,0.0,USD,Customer receivable account (Camping),SampleGen
66b9d840-1dfe-4cae-b2bf-f1cb8ca6d38c,ACC-Camping-1464,CID-465,Receivable,Active,2025-01-01,,0.0,USD,Customer receivable account (Camping),SampleGen
b6668ece-ddac-4511-b5bc-8f2a03dd77ca,ACC-Camping-1465,CID-466,Receivable,Active,2025-01-01,,0.0,USD,Customer receivable account (Camping),SampleGen
6af512b7-a5a3-4e70-b5f3-3af7aacb1ac1,ACC-Camping-1466,CID-467,Receivable,Active,2025-01-01,,0.0,USD,Customer receivable account (Camping),SampleGen
5b890d9a-7518-402e-971a-917f1c603c35,ACC-Camping-1467,CID-468,Receivable,Active,2025-01-01,,0.0,USD,Customer receivable account (Camping),SampleGen
d93017a4-263c-44a3-8f20-f99f36c01650,ACC-Camping-1468,CID-469,Receivable,Active,2025-01-01,,0.0,USD,Customer receivable account (Camping),SampleGen
c3281202-9c47-4d24-a42e-02c15161876e,ACC-Camping-1469,CID-470,Receivable,Active,2025-01-01,,0.0,USD,Customer receivable account (Camping),SampleGen
dadabd1a-3149-4277-9605-6266d553d255,ACC-Camping-1470,CID-471,Receivable,Active,2025-01-01,,0.0,USD,Customer receivable account (Camping),SampleGen
d6e7476f-392b-4c79-8ebd-16f5a5497869,ACC-Camping-1471,CID-472,Receivable,Active,2025-01-01,,0.0,USD,Customer receivable account (Camping),SampleGen
34da461d-8e66-4ae0-b346-663005061ab1,ACC-Camping-1472,CID-473,Receivable,Active,2025-01-01,,0.0,USD,Customer receivable account (Camping),SampleGen
81224a5f-12fc-452f-98c9-afdbbc510823,ACC-Camping-1473,CID-474,Receivable,Active,2025-01-01,,0.0,USD,Customer receivable account (Camping),SampleGen
5992a2bd-d8dd-4bbc-9ac0-496322b8fe4a,ACC-Camping-1474,CID-475,Receivable,Active,2025-01-01,,0.0,USD,Customer receivable account (Camping),SampleGen
1fb64e62-96c6-4ecf-8672-e3fcc14e4b72,ACC-Camping-1475,CID-476,Receivable,Active,2025-01-01,,0.0,USD,Customer receivable account (Camping),SampleGen
1652647c-6e51-4a78-a3ce-4d813e6e65f3,ACC-Camping-1476,CID-477,Receivable,Active,2025-01-01,,0.0,USD,Customer receivable account (Camping),SampleGen
e6c47866-fc2f-4466-b56a-bfdc66fcef2d,ACC-Camping-1477,CID-478,Receivable,Active,2025-01-01,,0.0,USD,Customer receivable account (Camping),SampleGen
dcdb219f-9270-4f45-b091-b3c46a1898c8,ACC-Camping-1478,CID-479,Receivable,Active,2025-01-01,,0.0,USD,Customer receivable account (Camping),SampleGen
50e4b6e7-7dcc-4fed-a850-ed292d7fb5e7,ACC-Camping-1479,CID-480,Receivable,Active,2025-01-01,,0.0,USD,Customer receivable account (Camping),SampleGen
4167084e-71b8-4945-a965-8b326c3509ed,ACC-Camping-1480,CID-481,Receivable,Active,2025-01-01,,0.0,USD,Customer receivable account (Camping),SampleGen
164a9e97-df78-44f8-bb18-8c4376161ca1,ACC-Camping-1481,CID-482,Receivable,Active,2025-01-01,,0.0,USD,Customer receivable account (Camping),SampleGen
cf8ab942-35cd-4997-88d7-a1097b26ad95,ACC-Camping-1482,CID-483,Receivable,Active,2025-01-01,,0.0,USD,Customer receivable account (Camping),SampleGen
ca7cdf0e-d03e-483a-9c03-13975d2af32c,ACC-Camping-1483,CID-484,Receivable,Active,2025-01-01,,0.0,USD,Customer receivable account (Camping),SampleGen
2cd7cab4-64eb-4ad6-88d6-567a16a49127,ACC-Camping-1484,CID-485,Receivable,Active,2025-01-01,,0.0,USD,Customer receivable account (Camping),SampleGen
2085a9e6-e2b4-46f7-aaff-404f272ceebd,ACC-Camping-1485,CID-486,Receivable,Active,2025-01-01,,0.0,USD,Customer receivable account (Camping),SampleGen
9200e236-5964-4ed4-8c0a-d6b719724cfd,ACC-Camping-1486,CID-487,Receivable,Active,2025-01-01,,0.0,USD,Customer receivable account (Camping),SampleGen
4b6f9c93-e5bc-435e-a53a-e74111b56fba,ACC-Camping-1487,CID-488,Receivable,Active,2025-01-01,,0.0,USD,Customer receivable account (Camping),SampleGen
84d8c99b-0b7c-49f0-a56f-0e595f674dd1,ACC-Camping-1488,CID-489,Receivable,Active,2025-01-01,,0.0,USD,Customer receivable account (Camping),SampleGen
a0c2af38-435d-4d86-9634-194b9554dc18,ACC-Camping-1489,CID-490,Receivable,Active,2025-01-01,,0.0,USD,Customer receivable account (Camping),SampleGen
6e072672-1f26-49c8-9bb8-a55cfb2ec341,ACC-Camping-1490,CID-491,Receivable,Active,2025-01-01,,0.0,USD,Customer receivable account (Camping),SampleGen
073d27cf-9b87-4261-a828-836cfbad819f,ACC-Camping-1491,CID-492,Receivable,Active,2025-01-01,,0.0,USD,Customer receivable account (Camping),SampleGen
beaca601-6120-4825-bb15-ae6856e192dc,ACC-Camping-1492,CID-493,Receivable,Active,2025-01-01,,0.0,USD,Customer receivable account (Camping),SampleGen
471222b5-de56-424c-a6e1-3b9c551cee5e,ACC-Camping-1493,CID-494,Receivable,Active,2025-01-01,,0.0,USD,Customer receivable account (Camping),SampleGen
49f6c67a-b901-4b06-bb51-0f8f3f5f8b7a,ACC-Camping-1494,CID-495,Receivable,Active,2025-01-01,,0.0,USD,Customer receivable account (Camping),SampleGen
80584ced-83ce-4fc8-b76d-a2749c17df4e,ACC-Camping-1495,CID-496,Receivable,Active,2025-01-01,,0.0,USD,Customer receivable account (Camping),SampleGen
339e30c9-7437-4e3b-8948-ef856b9689f3,ACC-Camping-1496,CID-497,Receivable,Active,2025-01-01,,0.0,USD,Customer receivable account (Camping),SampleGen
038dacd0-6976-4136-a6df-0ea72b71922e,ACC-Camping-1497,CID-498,Receivable,Active,2025-01-01,,0.0,USD,Customer receivable account (Camping),SampleGen
2d24af42-5d22-4dfe-9c52-1c88a7105731,ACC-Camping-1498,CID-499,Receivable,Active,2025-01-01,,0.0,USD,Customer receivable account (Camping),SampleGen
649fe59b-0ee6-4409-ab50-ed0835bfcf47,ACC-Camping-1499,CID-500,Receivable,Active,2025-01-01,,0.0,USD,Customer receivable account (Camping),SampleGen
306656b2-5faa-4a2f-9a78-1d10b342f55e,ACC-Camping-1500,CID-501,Receivable,Active,2025-01-01,,0.0,USD,Customer receivable account (Camping),SampleGen
5efa9ca7-3455-45a5-ab1e-8bd1f8b75cb5,ACC-Camping-1501,CID-502,Receivable,Active,2025-01-01,,0.0,USD,Customer receivable account (Camping),SampleGen
e99bc1d1-8288-4914-bd64-d702bf5476e3,ACC-Camping-1502,CID-503,Receivable,Active,2025-01-01,,0.0,USD,Customer receivable account (Camping),SampleGen
801619c1-e3eb-4090-9e29-191e8575ca0c,ACC-Camping-1503,CID-504,Receivable,Active,2025-01-01,,0.0,USD,Customer receivable account (Camping),SampleGen
d3c5ed4d-1569-4c9d-8275-6f8888fa98ff,ACC-Camping-1504,CID-505,Receivable,Active,2025-01-01,,0.0,USD,Customer receivable account (Camping),SampleGen
2e1f11e7-9ce6-45e6-9962-48e083b86f84,ACC-Camping-1505,CID-506,Receivable,Active,2025-01-01,,0.0,USD,Customer receivable account (Camping),SampleGen
dc3888a0-4a90-4b06-bc12-9871cb49e7e1,ACC-Camping-1506,CID-507,Receivable,Active,2025-01-01,,0.0,USD,Customer receivable account (Camping),SampleGen
2e3051df-5e44-4b72-8de3-5cd9dbca04e3,ACC-Camping-1507,CID-508,Receivable,Active,2025-01-01,,0.0,USD,Customer receivable account (Camping),SampleGen
cd28d6f1-bb7b-4dc9-be9b-8fb146a26ccd,ACC-Camping-1508,CID-509,Receivable,Active,2025-01-01,,0.0,USD,Customer receivable account (Camping),SampleGen
5e92f713-1157-456e-a2d1-a45769168193,ACC-Camping-1509,CID-510,Receivable,Active,2025-01-01,,0.0,USD,Customer receivable account (Camping),SampleGen
4edbff8f-263c-4dbe-b5d6-6cbd1afa839d,ACC-Camping-1510,CID-511,Receivable,Active,2025-01-01,,0.0,USD,Customer receivable account (Camping),SampleGen
934b53f3-8f34-43a0-903c-c67953907a9c,ACC-Camping-1511,CID-512,Receivable,Active,2025-01-01,,0.0,USD,Customer receivable account (Camping),SampleGen
b97d7065-cf85-46b0-b38f-ac968e0c7d7c,ACC-Camping-1512,CID-513,Receivable,Active,2025-01-01,,0.0,USD,Customer receivable account (Camping),SampleGen
